id,idempotency_key,tipo,almacen_origen_id,almacen_destino_id,material_id,cantidad,created_at,motivo,ref_externa,evidencia_key,usuario_op_id,fecha,from_almacen_id,to_almacen_id,tecnico_id,nota
c173bd6f-469f-4b3c-8cfe-4ce06d29e10b,,traslado,bdf0d98a-f0ee-4f42-a761-11be1a352e61,2d54377d-d817-4445-9c96-bee4a1bc0105,3,1,2025-10-05 21:17:13.480732+00,,,,,2025-10-05 21:17:13.480732+00,,,,smoke traslado vuelta
2a8c4f13-19f1-4eea-af98-aa00ecfaa75b,,traslado,2d54377d-d817-4445-9c96-bee4a1bc0105,bdf0d98a-f0ee-4f42-a761-11be1a352e61,3,1,2025-10-05 21:17:12.965578+00,,,,,2025-10-05 21:17:12.965578+00,,,,smoke traslado ida
fb94ba5d-b4b3-4245-bd3c-16afa1a5b452,,ajuste,bdf0d98a-f0ee-4f42-a761-11be1a352e61,,3,2,2025-10-05 21:17:12.435674+00,,,,,2025-10-05 21:17:12.435674+00,,,6,smoke revert (-2)
59174dc7-fb80-4788-abea-ccaadab565a8,,ajuste,,bdf0d98a-f0ee-4f42-a761-11be1a352e61,3,2,2025-10-05 21:17:12.3457+00,,,,,2025-10-05 21:17:12.3457+00,,,6,smoke (+2)
669af1c4-390a-42cd-b6d8-f45e4469f323,,traslado,bdf0d98a-f0ee-4f42-a761-11be1a352e61,2d54377d-d817-4445-9c96-bee4a1bc0105,3,1,2025-10-05 21:16:53.803787+00,,,,,2025-10-05 21:16:53.803787+00,,,,smoke traslado vuelta
0f6b94c9-3a5e-4605-b302-83d86573aa57,,traslado,2d54377d-d817-4445-9c96-bee4a1bc0105,bdf0d98a-f0ee-4f42-a761-11be1a352e61,3,1,2025-10-05 21:16:53.293588+00,,,,,2025-10-05 21:16:53.293588+00,,,,smoke traslado ida
cd048903-980f-4bd1-b459-91e14d67e469,,ajuste,bdf0d98a-f0ee-4f42-a761-11be1a352e61,,3,2,2025-10-05 21:16:52.752438+00,,,,,2025-10-05 21:16:52.752438+00,,,6,smoke revert (-2)
a8a7d0cb-99bf-4992-821d-bf6675c714e3,,ajuste,,bdf0d98a-f0ee-4f42-a761-11be1a352e61,3,2,2025-10-05 21:16:52.662352+00,,,,,2025-10-05 21:16:52.662352+00,,,6,smoke (+2)
30c8a79b-113b-4ab2-8019-9a0fe6440f81,,traslado,bdf0d98a-f0ee-4f42-a761-11be1a352e61,2d54377d-d817-4445-9c96-bee4a1bc0105,3,1,2025-10-05 21:16:42.522084+00,,,,,2025-10-05 21:16:42.522084+00,,,,smoke traslado vuelta
27e9e2d4-b87c-4f9e-bb25-01103099ee59,,traslado,2d54377d-d817-4445-9c96-bee4a1bc0105,bdf0d98a-f0ee-4f42-a761-11be1a352e61,3,1,2025-10-05 21:16:42.010624+00,,,,,2025-10-05 21:16:42.010624+00,,,,smoke traslado ida
455252a8-19a6-4725-bb43-c8fa97212e83,,ajuste,bdf0d98a-f0ee-4f42-a761-11be1a352e61,,3,2,2025-10-05 21:16:41.474501+00,,,,,2025-10-05 21:16:41.474501+00,,,6,smoke revert (-2)
5bff886b-4be9-43d4-8273-2f949f708640,,ajuste,,bdf0d98a-f0ee-4f42-a761-11be1a352e61,3,2,2025-10-05 21:16:41.373156+00,,,,,2025-10-05 21:16:41.373156+00,,,6,smoke (+2)
22bb6189-3325-4341-ae25-b2a26fa74361,,traslado,bdf0d98a-f0ee-4f42-a761-11be1a352e61,2d54377d-d817-4445-9c96-bee4a1bc0105,3,1,2025-10-05 21:16:15.930986+00,,,,,2025-10-05 21:16:15.930986+00,,,,smoke traslado vuelta
f55d39d2-73f1-462e-8552-8e96d9904181,,traslado,2d54377d-d817-4445-9c96-bee4a1bc0105,bdf0d98a-f0ee-4f42-a761-11be1a352e61,3,1,2025-10-05 21:16:15.415677+00,,,,,2025-10-05 21:16:15.415677+00,,,,smoke traslado ida
cd496263-c765-4517-af4d-101cec705c01,,ajuste,bdf0d98a-f0ee-4f42-a761-11be1a352e61,,3,2,2025-10-05 21:16:14.917179+00,,,,,2025-10-05 21:16:14.917179+00,,,6,smoke revert (-2)
fc5262fe-19b2-4253-801a-ef2f472efc28,,ajuste,,bdf0d98a-f0ee-4f42-a761-11be1a352e61,3,2,2025-10-05 21:16:14.823975+00,,,,,2025-10-05 21:16:14.823975+00,,,6,smoke (+2)
15d0dd6d-72c1-4ccb-8ab3-90ab2d0c56f8,,traslado,bdf0d98a-f0ee-4f42-a761-11be1a352e61,2d54377d-d817-4445-9c96-bee4a1bc0105,3,1,2025-10-05 21:05:21.634407+00,,,,,2025-10-05 21:05:21.634407+00,,,,smoke traslado vuelta
f1bf4def-01c8-4db3-b2f8-1da892444d60,,traslado,2d54377d-d817-4445-9c96-bee4a1bc0105,bdf0d98a-f0ee-4f42-a761-11be1a352e61,3,1,2025-10-05 21:05:21.122351+00,,,,,2025-10-05 21:05:21.122351+00,,,,smoke traslado ida
040e5d54-483d-46d0-9f70-c55d47e1ee6b,,ajuste,bdf0d98a-f0ee-4f42-a761-11be1a352e61,,3,2,2025-10-05 21:05:20.560841+00,,,,,2025-10-05 21:05:20.560841+00,,,6,smoke revert (-2)
9e403b50-6ef5-4625-9a3b-a1210de07e4a,,ajuste,,bdf0d98a-f0ee-4f42-a761-11be1a352e61,3,2,2025-10-05 21:05:20.470136+00,,,,,2025-10-05 21:05:20.470136+00,,,6,smoke (+2)
131c0848-f6ad-4ff8-80db-f4cd3227f9e6,,traslado,bdf0d98a-f0ee-4f42-a761-11be1a352e61,2d54377d-d817-4445-9c96-bee4a1bc0105,3,1,2025-10-05 20:59:23.570606+00,,,,,2025-10-05 20:59:23.570606+00,,,,smoke traslado vuelta
55d6084e-63df-4d80-aad5-b34cf1361f46,,traslado,2d54377d-d817-4445-9c96-bee4a1bc0105,bdf0d98a-f0ee-4f42-a761-11be1a352e61,3,1,2025-10-05 20:59:23.057143+00,,,,,2025-10-05 20:59:23.057143+00,,,,smoke traslado ida
5adde1db-82e3-475f-93cf-022cf49e8369,,ajuste,bdf0d98a-f0ee-4f42-a761-11be1a352e61,,3,2,2025-10-05 20:59:22.471516+00,,,,,2025-10-05 20:59:22.471516+00,,,6,smoke revert (-2)
088f2a67-c859-4fd8-a4ad-8b49c0bf527d,,ajuste,,bdf0d98a-f0ee-4f42-a761-11be1a352e61,3,2,2025-10-05 20:59:22.375567+00,,,,,2025-10-05 20:59:22.375567+00,,,6,smoke (+2)
88ece587-98c0-4e2d-b7b9-1ede7dac5395,,traslado,bdf0d98a-f0ee-4f42-a761-11be1a352e61,2d54377d-d817-4445-9c96-bee4a1bc0105,3,1,2025-10-05 20:59:00.792473+00,,,,,2025-10-05 20:59:00.792473+00,,,,smoke traslado vuelta
49136a81-b0bc-4eca-9dbd-9d1c6b2ff63f,,traslado,2d54377d-d817-4445-9c96-bee4a1bc0105,bdf0d98a-f0ee-4f42-a761-11be1a352e61,3,1,2025-10-05 20:59:00.279159+00,,,,,2025-10-05 20:59:00.279159+00,,,,smoke traslado ida
741ec11a-4e5e-4251-aae1-2a61b937733a,,ajuste,bdf0d98a-f0ee-4f42-a761-11be1a352e61,,3,2,2025-10-05 20:58:59.764924+00,,,,,2025-10-05 20:58:59.764924+00,,,6,smoke revert (-2)
1d5b14a8-f7aa-4818-bf5f-76e0af403dd4,,ajuste,,bdf0d98a-f0ee-4f42-a761-11be1a352e61,3,2,2025-10-05 20:58:59.667625+00,,,,,2025-10-05 20:58:59.667625+00,,,6,smoke (+2)
65b966e5-0a32-44a6-8b20-7e54022134d3,,traslado,bdf0d98a-f0ee-4f42-a761-11be1a352e61,2d54377d-d817-4445-9c96-bee4a1bc0105,3,1,2025-10-05 20:53:23.077812+00,,,,,2025-10-05 20:53:23.077812+00,,,,smoke traslado vuelta
5e429341-a5a1-44b5-8f84-ddbe9e6c14d8,,traslado,2d54377d-d817-4445-9c96-bee4a1bc0105,bdf0d98a-f0ee-4f42-a761-11be1a352e61,3,1,2025-10-05 20:53:22.562395+00,,,,,2025-10-05 20:53:22.562395+00,,,,smoke traslado ida
0b41d5ba-aafb-4ade-a8fb-eac0fa5e5377,,ajuste,bdf0d98a-f0ee-4f42-a761-11be1a352e61,,3,2,2025-10-05 20:53:22.099669+00,,,,,2025-10-05 20:53:22.099669+00,,,6,smoke revert (-2)
d94e7bf1-8454-4939-8116-7fb7a46e287f,,ajuste,,bdf0d98a-f0ee-4f42-a761-11be1a352e61,3,2,2025-10-05 20:53:22.001742+00,,,,,2025-10-05 20:53:22.001742+00,,,6,smoke (+2)
1b0eec7a-ec73-4486-8f96-476e7d0e3f3a,,traslado,bdf0d98a-f0ee-4f42-a761-11be1a352e61,2d54377d-d817-4445-9c96-bee4a1bc0105,3,1,2025-10-05 20:52:38.977134+00,,,,,2025-10-05 20:52:38.977134+00,,,,smoke traslado vuelta
1b82ee18-f2bf-4068-ab4a-18565f18027d,,traslado,2d54377d-d817-4445-9c96-bee4a1bc0105,bdf0d98a-f0ee-4f42-a761-11be1a352e61,3,1,2025-10-05 20:52:38.466893+00,,,,,2025-10-05 20:52:38.466893+00,,,,smoke traslado ida
66a0a7cd-7ea0-4372-ba78-2b65229de6a4,,ajuste,bdf0d98a-f0ee-4f42-a761-11be1a352e61,,3,2,2025-10-05 20:52:38.004692+00,,,,,2025-10-05 20:52:38.004692+00,,,6,smoke revert (-2)
051ebc1e-d452-4567-a784-f78a0b118b29,,ajuste,,bdf0d98a-f0ee-4f42-a761-11be1a352e61,3,2,2025-10-05 20:52:37.914306+00,,,,,2025-10-05 20:52:37.914306+00,,,6,smoke (+2)
4813a2de-050a-4ae4-824b-1bd6e53c71dd,,traslado,bdf0d98a-f0ee-4f42-a761-11be1a352e61,2d54377d-d817-4445-9c96-bee4a1bc0105,3,1,2025-10-05 20:44:00.638894+00,,,,,2025-10-05 20:44:00.638894+00,,,,smoke traslado vuelta
9957eb44-2eda-49fa-838b-0afad0b410bb,,traslado,2d54377d-d817-4445-9c96-bee4a1bc0105,bdf0d98a-f0ee-4f42-a761-11be1a352e61,3,1,2025-10-05 20:44:00.080464+00,,,,,2025-10-05 20:44:00.080464+00,,,,smoke traslado ida
0991cb4c-604f-4b89-8edb-934c3b730f08,,ajuste,bdf0d98a-f0ee-4f42-a761-11be1a352e61,,3,2,2025-10-05 20:43:59.501484+00,,,,,2025-10-05 20:43:59.501484+00,,,6,smoke revert (-2)
3dac3da9-0504-41d5-a5c8-ee488ab0ef70,,ajuste,,bdf0d98a-f0ee-4f42-a761-11be1a352e61,3,2,2025-10-05 20:43:59.407486+00,,,,,2025-10-05 20:43:59.407486+00,,,6,smoke (+2)
a57b36b4-1fb3-468a-b4a9-eb8c56890f90,,traslado,bdf0d98a-f0ee-4f42-a761-11be1a352e61,2d54377d-d817-4445-9c96-bee4a1bc0105,3,1,2025-10-05 20:32:47.419505+00,,,,,2025-10-05 20:32:47.419505+00,,,,smoke traslado vuelta
54a0df69-ec22-45ad-bb9c-62647224e15f,,traslado,2d54377d-d817-4445-9c96-bee4a1bc0105,bdf0d98a-f0ee-4f42-a761-11be1a352e61,3,1,2025-10-05 20:32:46.85903+00,,,,,2025-10-05 20:32:46.85903+00,,,,smoke traslado ida
0fa2fe38-692f-438a-97e2-b68d236a28b3,,ajuste,bdf0d98a-f0ee-4f42-a761-11be1a352e61,,3,2,2025-10-05 20:32:46.282031+00,,,,,2025-10-05 20:32:46.282031+00,,,6,smoke revert (-2)
b4157596-772e-4324-8854-31c405de632d,,ajuste,,bdf0d98a-f0ee-4f42-a761-11be1a352e61,3,2,2025-10-05 20:32:46.181123+00,,,,,2025-10-05 20:32:46.181123+00,,,6,smoke (+2)
c97d6c24-7421-4514-adee-2f6a0625852e,,traslado,bdf0d98a-f0ee-4f42-a761-11be1a352e61,2d54377d-d817-4445-9c96-bee4a1bc0105,3,1,2025-10-05 20:27:33.21099+00,,,,,2025-10-05 20:27:33.21099+00,,,,smoke traslado vuelta
2792c4b1-9084-446a-b922-7d09b08f6b15,,traslado,2d54377d-d817-4445-9c96-bee4a1bc0105,bdf0d98a-f0ee-4f42-a761-11be1a352e61,3,1,2025-10-05 20:27:32.655245+00,,,,,2025-10-05 20:27:32.655245+00,,,,smoke traslado ida
72b13675-149c-4394-b4fd-9c3f7f57dab3,,ajuste,bdf0d98a-f0ee-4f42-a761-11be1a352e61,,3,2,2025-10-05 20:27:32.172932+00,,,,,2025-10-05 20:27:32.172932+00,,,6,smoke revert (-2)
fb077d18-a19d-460d-baf2-4a7b147f700c,,ajuste,,bdf0d98a-f0ee-4f42-a761-11be1a352e61,3,2,2025-10-05 20:27:32.084429+00,,,,,2025-10-05 20:27:32.084429+00,,,6,smoke (+2)
268584d8-79f8-400f-b34f-831ab2ba523c,,traslado,bdf0d98a-f0ee-4f42-a761-11be1a352e61,2d54377d-d817-4445-9c96-bee4a1bc0105,3,1,2025-10-05 20:21:19.367853+00,,,,,2025-10-05 20:21:19.367853+00,,,,smoke traslado vuelta
55bae65e-a1ef-4f94-ae22-0161ced300f3,,traslado,2d54377d-d817-4445-9c96-bee4a1bc0105,bdf0d98a-f0ee-4f42-a761-11be1a352e61,3,1,2025-10-05 20:21:19.260571+00,,,,,2025-10-05 20:21:19.260571+00,,,,smoke traslado ida
c24e612e-6f51-47df-a9e6-a1d0383b3e27,,ajuste,bdf0d98a-f0ee-4f42-a761-11be1a352e61,,3,2,2025-10-05 20:21:18.695093+00,,,,,2025-10-05 20:21:18.695093+00,,,6,smoke revert (-2)
a88d13f4-9675-4b19-a1c6-9b34d2e3fce8,,ajuste,,bdf0d98a-f0ee-4f42-a761-11be1a352e61,3,2,2025-10-05 20:21:18.601623+00,,,,,2025-10-05 20:21:18.601623+00,,,6,smoke (+2)
2b7384ce-c69b-4219-83aa-1f539e41482f,,traslado,bdf0d98a-f0ee-4f42-a761-11be1a352e61,2d54377d-d817-4445-9c96-bee4a1bc0105,3,1,2025-10-05 20:20:54.731917+00,,,,,2025-10-05 20:20:54.731917+00,,,,smoke traslado vuelta
07c7b66b-4ebc-4c75-9b48-c8bfd86a2bb2,,traslado,2d54377d-d817-4445-9c96-bee4a1bc0105,bdf0d98a-f0ee-4f42-a761-11be1a352e61,3,1,2025-10-05 20:20:54.669274+00,,,,,2025-10-05 20:20:54.669274+00,,,,smoke traslado ida
8c187415-2467-4291-b01f-4c3655b595d6,,ajuste,bdf0d98a-f0ee-4f42-a761-11be1a352e61,,3,2,2025-10-05 20:20:54.194383+00,,,,,2025-10-05 20:20:54.194383+00,,,6,smoke revert (-2)
fc536a68-2afc-408f-8fc7-027cc3f57921,,ajuste,,bdf0d98a-f0ee-4f42-a761-11be1a352e61,3,2,2025-10-05 20:20:54.100174+00,,,,,2025-10-05 20:20:54.100174+00,,,6,smoke (+2)
72902c7e-0c43-4bba-95b4-a3d3e04dfcd8,,traslado,bdf0d98a-f0ee-4f42-a761-11be1a352e61,2d54377d-d817-4445-9c96-bee4a1bc0105,3,1,2025-10-05 20:14:12.496454+00,,,,,2025-10-05 20:14:12.496454+00,,,,smoke reverse
89e8e8ac-6b50-4f32-ae22-cab67b320acb,,traslado,2d54377d-d817-4445-9c96-bee4a1bc0105,bdf0d98a-f0ee-4f42-a761-11be1a352e61,3,1,2025-10-05 20:14:12.446618+00,,,,,2025-10-05 20:14:12.446618+00,,,,smoke transf->traslado
af573c45-da6e-4c7d-b93b-78e8abefbfea,,ajuste,bdf0d98a-f0ee-4f42-a761-11be1a352e61,,3,2,2025-10-05 20:14:11.944802+00,,,,,2025-10-05 20:14:11.944802+00,,,6,smoke revert (-2)
130c1e0e-7a1b-47ad-bcd3-e6287240872a,,ajuste,,bdf0d98a-f0ee-4f42-a761-11be1a352e61,3,2,2025-10-05 20:14:11.854862+00,,,,,2025-10-05 20:14:11.854862+00,,,6,smoke (+2)
8400c52e-c7f2-4449-b85f-4e2b8b1f9247,,traslado,bdf0d98a-f0ee-4f42-a761-11be1a352e61,2d54377d-d817-4445-9c96-bee4a1bc0105,3,1,2025-10-05 20:13:37.321272+00,,,,,2025-10-05 20:13:37.321272+00,,,6,
401c1376-9656-49e4-8113-70290d13f4a1,,traslado,2d54377d-d817-4445-9c96-bee4a1bc0105,bdf0d98a-f0ee-4f42-a761-11be1a352e61,3,1,2025-10-05 20:12:58.960926+00,,,,,2025-10-05 20:12:58.960926+00,,,6,
2521f495-7e6d-4e35-b570-4f4b6a669497,,traslado,bdf0d98a-f0ee-4f42-a761-11be1a352e61,2d54377d-d817-4445-9c96-bee4a1bc0105,3,1,2025-10-05 20:12:58.645535+00,,,,,2025-10-05 20:12:58.645535+00,,,6,
460306c5-58b4-4aa2-a1e6-be56c1ea1d17,,traslado,,,3,1,2025-10-05 20:12:21.069256+00,,,,,2025-10-05 20:12:21.069256+00,bdf0d98a-f0ee-4f42-a761-11be1a352e61,a1f107e4-2184-4d88-aa04-39d31aa0c02d,,smoke auto devolución
b7272132-7811-4f14-af18-3b0cc0c56d75,,traslado,,,3,1,2025-10-05 20:12:20.994458+00,,,,,2025-10-05 20:12:20.994458+00,a1f107e4-2184-4d88-aa04-39d31aa0c02d,bdf0d98a-f0ee-4f42-a761-11be1a352e61,,smoke auto traslado
986703b0-5a81-4bab-9d41-87b4cde20836,,ingreso,,,1,1,2025-10-05 20:12:03.923875+00,,,,,2025-10-05 20:12:03.923875+00,,bdf0d98a-f0ee-4f42-a761-11be1a352e61,,[setup] preload TEC-6 ONT
18202e10-ed5e-4f6c-a62f-c3e86fc5893f,,ajuste,bdf0d98a-f0ee-4f42-a761-11be1a352e61,,3,2,2025-10-05 20:08:55.672399+00,,,,,2025-10-05 20:08:55.672399+00,,,6,smoke revert (-2)
b9a3250b-c7cc-4af1-b944-4591e4ac1589,,ajuste,,bdf0d98a-f0ee-4f42-a761-11be1a352e61,3,2,2025-10-05 20:08:55.578464+00,,,,,2025-10-05 20:08:55.578464+00,,,6,smoke (+2)
6ed8228f-b94b-46f7-9d53-106825a5da7c,,ajuste,bdf0d98a-f0ee-4f42-a761-11be1a352e61,,3,2,2025-10-05 20:08:48.734938+00,,,,,2025-10-05 20:08:48.734938+00,,,6,smoke revert (-2)
6abaa141-4f27-4668-a5be-d11e40a37d88,,ajuste,,bdf0d98a-f0ee-4f42-a761-11be1a352e61,3,2,2025-10-05 20:08:48.637247+00,,,,,2025-10-05 20:08:48.637247+00,,,6,smoke (+2)
7bd5260d-eb90-45e3-9b79-7c74ec4212ba,,ingreso,,a1f107e4-2184-4d88-aa04-39d31aa0c02d,3,1,2025-10-05 20:08:42.613431+00,,,,,2025-10-05 20:08:42.613431+00,,,,[prewarm] manual
f8d020e9-2442-4843-9fef-f05f0240edf1,,ajuste,bdf0d98a-f0ee-4f42-a761-11be1a352e61,,3,2,2025-10-05 20:05:38.60212+00,,,,,2025-10-05 20:05:38.60212+00,,,6,smoke revert (-2)
e2a082e8-2cfe-448f-a7ef-e546ad4c53a0,,ajuste,,bdf0d98a-f0ee-4f42-a761-11be1a352e61,3,2,2025-10-05 20:05:38.514437+00,,,,,2025-10-05 20:05:38.514437+00,,,6,smoke (+2)
297a26aa-f2e5-47c4-9ac2-0ccef2263932,,ajuste,bdf0d98a-f0ee-4f42-a761-11be1a352e61,,3,2,2025-10-05 20:05:20.499528+00,,,,,2025-10-05 20:05:20.499528+00,,,6,smoke revert (-2)
ebe5313d-7b08-4f5c-af86-4ebc4db51626,,ajuste,,bdf0d98a-f0ee-4f42-a761-11be1a352e61,3,2,2025-10-05 20:05:20.409742+00,,,,,2025-10-05 20:05:20.409742+00,,,6,smoke (+2)
92e2bcfb-3ef9-4aa9-965d-2138b4c5f2f8,,ajuste,bdf0d98a-f0ee-4f42-a761-11be1a352e61,,3,2,2025-10-05 19:43:08.088031+00,,,,,2025-10-05 19:43:08.088031+00,,,6,smoke revert (-2)
e048e4bc-f3ed-4a3e-9437-4826f725accb,,ajuste,,bdf0d98a-f0ee-4f42-a761-11be1a352e61,3,2,2025-10-05 19:43:07.993929+00,,,,,2025-10-05 19:43:07.993929+00,,,6,smoke (+2)
9393fae0-67ae-46cb-b1e5-3dbf8dd054ac,,ajuste,bdf0d98a-f0ee-4f42-a761-11be1a352e61,,3,2,2025-10-05 18:36:11.85892+00,,,,,2025-10-05 18:36:11.85892+00,,,6,smoke revert (-2)
122a22c7-6d03-425a-8619-beab0bf24f69,,ajuste,,bdf0d98a-f0ee-4f42-a761-11be1a352e61,3,2,2025-10-05 18:36:11.765815+00,,,,,2025-10-05 18:36:11.765815+00,,,6,smoke (+2)
46f3502f-a3bb-4903-a2cc-a9e037fa5634,,ajuste,bdf0d98a-f0ee-4f42-a761-11be1a352e61,,3,2,2025-10-05 18:35:18.533303+00,,,,,2025-10-05 18:35:18.533303+00,,,6,smoke revert (-2)
d23826c9-198f-498a-aa2a-29e1dbc0aca1,,ajuste,,bdf0d98a-f0ee-4f42-a761-11be1a352e61,3,2,2025-10-05 18:35:18.436268+00,,,,,2025-10-05 18:35:18.436268+00,,,6,smoke (+2)
95fea6ec-dfe5-4bf8-98be-c9f3e260f959,,ajuste,bdf0d98a-f0ee-4f42-a761-11be1a352e61,,3,2,2025-10-05 17:08:58.60743+00,,,,,2025-10-05 17:08:58.60743+00,,,6,smoke revert (-2)
76b21759-69b2-49f0-ac82-0b3a5666c515,,ajuste,,bdf0d98a-f0ee-4f42-a761-11be1a352e61,3,2,2025-10-05 17:08:58.514159+00,,,,,2025-10-05 17:08:58.514159+00,,,6,smoke (+2)
bd8befcb-a0d4-4faa-9e2e-33d8112f06e1,,traslado,2d54377d-d817-4445-9c96-bee4a1bc0105,bdf0d98a-f0ee-4f42-a761-11be1a352e61,3,1,2025-10-05 15:57:37.315447+00,,,,,2025-10-05 15:57:37.315447+00,,,6,
d19d5408-b911-46de-b55d-06be5452f3eb,,traslado,bdf0d98a-f0ee-4f42-a761-11be1a352e61,2d54377d-d817-4445-9c96-bee4a1bc0105,3,1,2025-10-05 15:57:36.986281+00,,,,,2025-10-05 15:57:36.986281+00,,,6,
ed71a845-faa2-4a5a-8592-bf5bc00476ab,,ingreso,,,1,1,2025-10-05 15:57:33.405432+00,,,,,2025-10-05 15:57:33.405432+00,,bdf0d98a-f0ee-4f42-a761-11be1a352e61,,[setup] preload TEC-6 ONT
4e7b7ea3-074c-4e73-8c3c-0060b6e9047a,,traslado,2d54377d-d817-4445-9c96-bee4a1bc0105,bdf0d98a-f0ee-4f42-a761-11be1a352e61,3,1,2025-10-05 15:57:32.767413+00,,,,,2025-10-05 15:57:32.767413+00,,,6,
451d70b8-ad39-4239-8799-6a2dd52678a8,,traslado,,,3,1,2025-10-05 15:57:32.021432+00,,,,,2025-10-05 15:57:32.021432+00,bdf0d98a-f0ee-4f42-a761-11be1a352e61,a1f107e4-2184-4d88-aa04-39d31aa0c02d,,smoke auto devolución
058d345a-69f7-4054-8577-50e2abf6a574,,traslado,,,3,1,2025-10-05 15:57:31.803769+00,,,,,2025-10-05 15:57:31.803769+00,a1f107e4-2184-4d88-aa04-39d31aa0c02d,bdf0d98a-f0ee-4f42-a761-11be1a352e61,,smoke auto traslado
e6e8ebbf-45c8-45b5-8877-43e81c1b15a8,,traslado,bdf0d98a-f0ee-4f42-a761-11be1a352e61,2d54377d-d817-4445-9c96-bee4a1bc0105,3,1,2025-10-05 15:57:31.068647+00,,,,,2025-10-05 15:57:31.068647+00,,,6,
cf758f64-807e-4abb-acf0-724647c018fa,,traslado,2d54377d-d817-4445-9c96-bee4a1bc0105,bdf0d98a-f0ee-4f42-a761-11be1a352e61,3,1,2025-10-05 15:57:30.955462+00,,,,,2025-10-05 15:57:30.955462+00,,,6,
38a0393f-ae6e-4f36-853e-d21a8989fbb7,,traslado,bdf0d98a-f0ee-4f42-a761-11be1a352e61,2d54377d-d817-4445-9c96-bee4a1bc0105,3,1,2025-10-05 15:57:30.574213+00,,,,,2025-10-05 15:57:30.574213+00,,,,smoke reverse
45b7e1cb-e036-4cac-9b59-478a3027a416,,traslado,2d54377d-d817-4445-9c96-bee4a1bc0105,bdf0d98a-f0ee-4f42-a761-11be1a352e61,3,1,2025-10-05 15:57:30.535221+00,,,,,2025-10-05 15:57:30.535221+00,,,,smoke transf->traslado
cf28ba51-27ae-4169-ac81-410ec1d8363f,,ajuste,bdf0d98a-f0ee-4f42-a761-11be1a352e61,,3,2,2025-10-05 15:57:30.008113+00,,,,,2025-10-05 15:57:30.008113+00,,,6,smoke revert (-2)
11db40e1-56bc-4d45-80d5-3a509ade9ba1,,ajuste,,bdf0d98a-f0ee-4f42-a761-11be1a352e61,3,2,2025-10-05 15:57:29.915873+00,,,,,2025-10-05 15:57:29.915873+00,,,6,smoke (+2)
01e476a3-9249-4d49-86a4-c00f89cd6063,,traslado,2d54377d-d817-4445-9c96-bee4a1bc0105,bdf0d98a-f0ee-4f42-a761-11be1a352e61,3,1,2025-10-05 15:52:07.460666+00,,,,,2025-10-05 15:52:07.460666+00,,,6,
bb221fb8-f9d1-4178-ae55-4c939e896712,,traslado,bdf0d98a-f0ee-4f42-a761-11be1a352e61,2d54377d-d817-4445-9c96-bee4a1bc0105,3,1,2025-10-05 15:52:07.130618+00,,,,,2025-10-05 15:52:07.130618+00,,,6,
3349f6e4-88d3-4059-8ac5-ed853c03598c,,traslado,2d54377d-d817-4445-9c96-bee4a1bc0105,bdf0d98a-f0ee-4f42-a761-11be1a352e61,3,1,2025-10-05 15:52:07.011898+00,,,,,2025-10-05 15:52:07.011898+00,,,6,
c8b21b6b-a832-4f7a-b74f-fb5b44fa8d86,,ingreso,,,1,1,2025-10-05 15:52:03.623424+00,,,,,2025-10-05 15:52:03.623424+00,,bdf0d98a-f0ee-4f42-a761-11be1a352e61,,[setup] preload TEC-6 ONT
73ca2049-d4fc-4a83-be6a-9d2d5cf71bfc,,traslado,2d54377d-d817-4445-9c96-bee4a1bc0105,bdf0d98a-f0ee-4f42-a761-11be1a352e61,3,2,2025-10-05 15:52:03.087448+00,,,,,2025-10-05 15:52:03.087448+00,,,6,
20f3d6e7-979f-4bdb-a2a3-abbe971f492f,,traslado,2d54377d-d817-4445-9c96-bee4a1bc0105,bdf0d98a-f0ee-4f42-a761-11be1a352e61,3,1,2025-10-05 15:52:03.020784+00,,,,,2025-10-05 15:52:03.020784+00,,,6,
16e58d3e-aac5-4c0a-8f6d-b7c89b5f524a,,traslado,,,3,1,2025-10-05 15:52:02.269064+00,,,,,2025-10-05 15:52:02.269064+00,bdf0d98a-f0ee-4f42-a761-11be1a352e61,a1f107e4-2184-4d88-aa04-39d31aa0c02d,,smoke auto devolución
bd4ed396-89b7-4459-89a8-82c81913b8c5,,traslado,,,3,1,2025-10-05 15:52:02.049712+00,,,,,2025-10-05 15:52:02.049712+00,a1f107e4-2184-4d88-aa04-39d31aa0c02d,bdf0d98a-f0ee-4f42-a761-11be1a352e61,,smoke auto traslado
b36632d2-b320-481c-b085-85c83b2a083c,,traslado,bdf0d98a-f0ee-4f42-a761-11be1a352e61,2d54377d-d817-4445-9c96-bee4a1bc0105,3,1,2025-10-05 15:52:01.262588+00,,,,,2025-10-05 15:52:01.262588+00,,,6,
de54675b-adfd-4f2a-93d7-51c029f0dcde,,traslado,2d54377d-d817-4445-9c96-bee4a1bc0105,bdf0d98a-f0ee-4f42-a761-11be1a352e61,3,1,2025-10-05 15:52:01.145359+00,,,,,2025-10-05 15:52:01.145359+00,,,6,
ff64fead-7013-45ed-bb44-3c8cd8b2b8c1,,traslado,bdf0d98a-f0ee-4f42-a761-11be1a352e61,2d54377d-d817-4445-9c96-bee4a1bc0105,3,1,2025-10-05 15:52:00.752278+00,,,,,2025-10-05 15:52:00.752278+00,,,,smoke reverse
99cad777-01de-4f14-a1bf-e81f475d6c1c,,traslado,2d54377d-d817-4445-9c96-bee4a1bc0105,bdf0d98a-f0ee-4f42-a761-11be1a352e61,3,1,2025-10-05 15:52:00.708555+00,,,,,2025-10-05 15:52:00.708555+00,,,,smoke transf->traslado
4c66416f-fda3-457e-ac6e-15802d8a03b4,,ajuste,bdf0d98a-f0ee-4f42-a761-11be1a352e61,,3,2,2025-10-05 15:52:00.138198+00,,,,,2025-10-05 15:52:00.138198+00,,,6,smoke revert (-2)
f9429c01-74d9-440c-a182-d4be63121474,,ajuste,,bdf0d98a-f0ee-4f42-a761-11be1a352e61,3,2,2025-10-05 15:52:00.048735+00,,,,,2025-10-05 15:52:00.048735+00,,,6,smoke (+2)
27af79e7-670e-4944-804b-edb47fa6b544,,traslado,2d54377d-d817-4445-9c96-bee4a1bc0105,bdf0d98a-f0ee-4f42-a761-11be1a352e61,3,2,2025-10-05 15:47:47.302252+00,,,,,2025-10-05 15:47:47.302252+00,,,6,
d9beabfc-dd12-40ea-b9c7-3898f3a1f4fe,,traslado,2d54377d-d817-4445-9c96-bee4a1bc0105,bdf0d98a-f0ee-4f42-a761-11be1a352e61,3,1,2025-10-05 15:47:47.23233+00,,,,,2025-10-05 15:47:47.23233+00,,,6,
a83ef2e2-6db4-40b5-bebf-63b42bc30b3f,,traslado,2d54377d-d817-4445-9c96-bee4a1bc0105,bdf0d98a-f0ee-4f42-a761-11be1a352e61,3,2,2025-10-05 15:46:22.136146+00,,,,,2025-10-05 15:46:22.136146+00,,,6,
976be1d2-d402-44c4-83eb-5aa4221f54ba,,traslado,2d54377d-d817-4445-9c96-bee4a1bc0105,bdf0d98a-f0ee-4f42-a761-11be1a352e61,3,1,2025-10-05 15:46:22.063573+00,,,,,2025-10-05 15:46:22.063573+00,,,6,
dab3fd69-6576-4f47-9c2a-6a7015171db9,,traslado,,,3,1,2025-10-05 15:46:21.410405+00,,,,,2025-10-05 15:46:21.410405+00,bdf0d98a-f0ee-4f42-a761-11be1a352e61,a1f107e4-2184-4d88-aa04-39d31aa0c02d,,smoke auto devolución
f663a847-0bf3-4e6e-8fd5-a5fb15c23076,,traslado,,,3,1,2025-10-05 15:46:21.214495+00,,,,,2025-10-05 15:46:21.214495+00,a1f107e4-2184-4d88-aa04-39d31aa0c02d,bdf0d98a-f0ee-4f42-a761-11be1a352e61,,smoke auto traslado
06a391f9-19b6-4c39-adf2-7c6055e75c98,,traslado,bdf0d98a-f0ee-4f42-a761-11be1a352e61,2d54377d-d817-4445-9c96-bee4a1bc0105,3,1,2025-10-05 15:46:20.50285+00,,,,,2025-10-05 15:46:20.50285+00,,,6,
9566ce97-1f7c-4c4f-864e-c17bc21ec4fc,,traslado,2d54377d-d817-4445-9c96-bee4a1bc0105,bdf0d98a-f0ee-4f42-a761-11be1a352e61,3,1,2025-10-05 15:46:20.38417+00,,,,,2025-10-05 15:46:20.38417+00,,,6,
3d504ebf-ae66-4520-91e7-0e94dd5cd33d,,traslado,bdf0d98a-f0ee-4f42-a761-11be1a352e61,2d54377d-d817-4445-9c96-bee4a1bc0105,3,1,2025-10-05 15:46:20.016016+00,,,,,2025-10-05 15:46:20.016016+00,,,,smoke reverse
506f5172-5ee7-4c91-b1cc-85c92046f18a,,traslado,2d54377d-d817-4445-9c96-bee4a1bc0105,bdf0d98a-f0ee-4f42-a761-11be1a352e61,3,1,2025-10-05 15:46:19.974665+00,,,,,2025-10-05 15:46:19.974665+00,,,,smoke transf->traslado
44ae38bd-2220-49fb-a097-043fe0a25b67,,ajuste,bdf0d98a-f0ee-4f42-a761-11be1a352e61,,3,2,2025-10-05 15:46:19.504214+00,,,,,2025-10-05 15:46:19.504214+00,,,6,smoke revert (-2)
39ae9c89-b88e-4a80-9890-0b3845adbdba,,ajuste,,bdf0d98a-f0ee-4f42-a761-11be1a352e61,3,2,2025-10-05 15:46:19.410093+00,,,,,2025-10-05 15:46:19.410093+00,,,6,smoke (+2)
c2179b26-ada5-4522-8021-a77d3660cbc9,,traslado,,,3,1,2025-10-05 15:41:41.094605+00,,,,,2025-10-05 15:41:41.094605+00,bdf0d98a-f0ee-4f42-a761-11be1a352e61,a1f107e4-2184-4d88-aa04-39d31aa0c02d,,smoke auto devolución
e6fed5a9-0b82-4dbe-81b7-31a63fc37711,,traslado,,,3,1,2025-10-05 15:41:41.020006+00,,,,,2025-10-05 15:41:41.020006+00,a1f107e4-2184-4d88-aa04-39d31aa0c02d,bdf0d98a-f0ee-4f42-a761-11be1a352e61,,smoke auto traslado
8b519b39-a6ea-4127-b28d-87570d4340cc,,traslado,bdf0d98a-f0ee-4f42-a761-11be1a352e61,2d54377d-d817-4445-9c96-bee4a1bc0105,3,1,2025-10-05 15:28:01.23002+00,,,,,2025-10-05 15:28:01.23002+00,,,6,
3ed6bea5-94d0-4134-86dd-8a4ef5d6731e,,traslado,2d54377d-d817-4445-9c96-bee4a1bc0105,bdf0d98a-f0ee-4f42-a761-11be1a352e61,3,1,2025-10-05 15:28:01.113104+00,,,,,2025-10-05 15:28:01.113104+00,,,6,
d1590087-4f51-439f-b38d-038249b52eaf,,traslado,bdf0d98a-f0ee-4f42-a761-11be1a352e61,2d54377d-d817-4445-9c96-bee4a1bc0105,3,1,2025-10-05 15:28:00.720526+00,,,,,2025-10-05 15:28:00.720526+00,,,,smoke reverse
f70b8a87-de1d-406f-9e39-ca333ea91bfa,,traslado,2d54377d-d817-4445-9c96-bee4a1bc0105,bdf0d98a-f0ee-4f42-a761-11be1a352e61,3,1,2025-10-05 15:28:00.675572+00,,,,,2025-10-05 15:28:00.675572+00,,,,smoke transf->traslado
1d9c0538-fa26-41a8-853e-2a7f1fa30b10,,ajuste,bdf0d98a-f0ee-4f42-a761-11be1a352e61,,3,2,2025-10-05 15:28:00.16822+00,,,,,2025-10-05 15:28:00.16822+00,,,6,smoke revert (-2)
78075dc8-7d16-47c4-a4b8-61aeb3c57e6e,,ajuste,,bdf0d98a-f0ee-4f42-a761-11be1a352e61,3,2,2025-10-05 15:28:00.064535+00,,,,,2025-10-05 15:28:00.064535+00,,,6,smoke (+2)
a4b18b41-ab2d-44bf-8f1e-36867db6bb03,,traslado,bdf0d98a-f0ee-4f42-a761-11be1a352e61,2d54377d-d817-4445-9c96-bee4a1bc0105,3,1,2025-10-05 15:22:02.728137+00,,,,,2025-10-05 15:22:02.728137+00,,,6,
9e857b57-cdb9-4285-9fd7-93b04be4d626,,traslado,2d54377d-d817-4445-9c96-bee4a1bc0105,bdf0d98a-f0ee-4f42-a761-11be1a352e61,3,1,2025-10-05 15:22:02.613724+00,,,,,2025-10-05 15:22:02.613724+00,,,6,
8b87b434-def3-41f4-af0c-0968cba1b378,,traslado,bdf0d98a-f0ee-4f42-a761-11be1a352e61,2d54377d-d817-4445-9c96-bee4a1bc0105,3,1,2025-10-05 15:22:02.247907+00,,,,,2025-10-05 15:22:02.247907+00,,,,smoke reverse
20f2f8fa-e8cd-4242-b93e-0eadfb2e555b,,traslado,2d54377d-d817-4445-9c96-bee4a1bc0105,bdf0d98a-f0ee-4f42-a761-11be1a352e61,3,1,2025-10-05 15:22:02.202168+00,,,,,2025-10-05 15:22:02.202168+00,,,,smoke transf->traslado
e694d039-7148-4d5b-965e-9d5703e66aa7,,ajuste,bdf0d98a-f0ee-4f42-a761-11be1a352e61,,3,2,2025-10-05 15:22:01.734235+00,,,,,2025-10-05 15:22:01.734235+00,,,6,smoke revert (-2)
73c00c57-46e4-4604-8754-63b11807ec64,,ajuste,,bdf0d98a-f0ee-4f42-a761-11be1a352e61,3,2,2025-10-05 15:22:01.63702+00,,,,,2025-10-05 15:22:01.63702+00,,,6,smoke (+2)
ed122408-913d-4a75-9285-82a138dca48d,,traslado,bdf0d98a-f0ee-4f42-a761-11be1a352e61,2d54377d-d817-4445-9c96-bee4a1bc0105,3,1,2025-10-04 22:55:13.10894+00,,,,,2025-10-04 22:55:13.10894+00,,,,smoke reverse
47cd5ab6-290f-4d54-974f-8f6f666d58c3,,traslado,2d54377d-d817-4445-9c96-bee4a1bc0105,bdf0d98a-f0ee-4f42-a761-11be1a352e61,3,1,2025-10-04 22:55:13.067445+00,,,,,2025-10-04 22:55:13.067445+00,,,,smoke transf->traslado
d37ec412-7067-406f-a052-23f58eb64ff2,,ajuste,bdf0d98a-f0ee-4f42-a761-11be1a352e61,,3,2,2025-10-04 22:55:12.484005+00,,,,,2025-10-04 22:55:12.484005+00,,,6,smoke revert (-2)
4d75f20a-dcef-46d2-9418-08c3464595f9,,ajuste,,bdf0d98a-f0ee-4f42-a761-11be1a352e61,3,2,2025-10-04 22:55:12.389468+00,,,,,2025-10-04 22:55:12.389468+00,,,6,smoke (+2)
a56d9872-2adf-49eb-93a7-4e1c328fe87a,,traslado,bdf0d98a-f0ee-4f42-a761-11be1a352e61,2d54377d-d817-4445-9c96-bee4a1bc0105,3,1,2025-10-04 22:54:59.310202+00,,,,,2025-10-04 22:54:59.310202+00,,,,smoke reverse
a3346b2d-61a5-49c9-ab55-c005f27517df,,traslado,2d54377d-d817-4445-9c96-bee4a1bc0105,bdf0d98a-f0ee-4f42-a761-11be1a352e61,3,1,2025-10-04 22:54:59.265396+00,,,,,2025-10-04 22:54:59.265396+00,,,,smoke transf->traslado
92f9a440-751b-4b96-af87-c372a00b1960,,ajuste,bdf0d98a-f0ee-4f42-a761-11be1a352e61,,3,2,2025-10-04 22:54:58.797922+00,,,,,2025-10-04 22:54:58.797922+00,,,6,smoke revert (-2)
c5bf8658-a077-4e31-8702-090572a0129d,,ajuste,,bdf0d98a-f0ee-4f42-a761-11be1a352e61,3,2,2025-10-04 22:54:58.70844+00,,,,,2025-10-04 22:54:58.70844+00,,,6,smoke (+2)
0de00971-69df-4cc8-b4fc-f5e494df5a4e,,traslado,bdf0d98a-f0ee-4f42-a761-11be1a352e61,2d54377d-d817-4445-9c96-bee4a1bc0105,3,1,2025-10-04 22:14:17.370295+00,,,,,2025-10-04 22:14:17.370295+00,,,,smoke reverse
c39b0f5c-1aa9-4270-ae81-3754fce4ca2b,,traslado,2d54377d-d817-4445-9c96-bee4a1bc0105,bdf0d98a-f0ee-4f42-a761-11be1a352e61,3,1,2025-10-04 22:14:17.331209+00,,,,,2025-10-04 22:14:17.331209+00,,,,smoke transf->traslado
a71311e5-7ff8-4c34-ad07-5a4ab038913f,,ajuste,bdf0d98a-f0ee-4f42-a761-11be1a352e61,,3,2,2025-10-04 22:14:16.7885+00,,,,,2025-10-04 22:14:16.7885+00,,,6,smoke revert (-2)
ec145a7c-c192-4a41-b66c-4d61a4e3b108,,ajuste,,bdf0d98a-f0ee-4f42-a761-11be1a352e61,3,2,2025-10-04 22:14:16.690884+00,,,,,2025-10-04 22:14:16.690884+00,,,6,smoke (+2)
252bc841-5e45-411b-99e0-614ca5400eb8,,traslado,2d54377d-d817-4445-9c96-bee4a1bc0105,bdf0d98a-f0ee-4f42-a761-11be1a352e61,3,2,2025-10-04 22:04:53.5121+00,,,,,2025-10-04 22:04:53.5121+00,,,6,
89b96128-6190-40f8-af02-6f73e2860742,,traslado,2d54377d-d817-4445-9c96-bee4a1bc0105,bdf0d98a-f0ee-4f42-a761-11be1a352e61,3,1,2025-10-04 22:04:53.445822+00,,,,,2025-10-04 22:04:53.445822+00,,,6,
51e1da4c-5a79-4597-b2d6-b72881734d96,,traslado,bdf0d98a-f0ee-4f42-a761-11be1a352e61,2d54377d-d817-4445-9c96-bee4a1bc0105,3,1,2025-10-04 22:04:53.127692+00,,,,,2025-10-04 22:04:53.127692+00,,,6,
f218ecf1-98ef-4bbf-a02a-d72ea24e4342,,traslado,2d54377d-d817-4445-9c96-bee4a1bc0105,bdf0d98a-f0ee-4f42-a761-11be1a352e61,3,1,2025-10-04 22:04:53.008706+00,,,,,2025-10-04 22:04:53.008706+00,,,6,
60e19051-0638-4e48-82ed-e8f25105f76f,,traslado,2d54377d-d817-4445-9c96-bee4a1bc0105,bdf0d98a-f0ee-4f42-a761-11be1a352e61,3,2,2025-10-04 22:04:52.783312+00,,,,,2025-10-04 22:04:52.783312+00,,,6,
df69e10c-05e1-4537-a0bf-56485117b448,,traslado,2d54377d-d817-4445-9c96-bee4a1bc0105,bdf0d98a-f0ee-4f42-a761-11be1a352e61,3,1,2025-10-04 22:04:52.7008+00,,,,,2025-10-04 22:04:52.7008+00,,,6,
604519e4-88d7-4ad8-a6dd-da6a7615d224,,traslado,bdf0d98a-f0ee-4f42-a761-11be1a352e61,2d54377d-d817-4445-9c96-bee4a1bc0105,3,1,2025-10-04 22:04:52.374472+00,,,,,2025-10-04 22:04:52.374472+00,,,6,
0c67a528-4faa-4ad8-89ec-170f0f7308c5,,traslado,2d54377d-d817-4445-9c96-bee4a1bc0105,bdf0d98a-f0ee-4f42-a761-11be1a352e61,3,1,2025-10-04 22:04:52.254721+00,,,,,2025-10-04 22:04:52.254721+00,,,6,
0a2d3498-d41d-49cc-b64e-b5757d83e90b,,traslado,bdf0d98a-f0ee-4f42-a761-11be1a352e61,2d54377d-d817-4445-9c96-bee4a1bc0105,3,1,2025-10-04 22:04:30.647174+00,,,,,2025-10-04 22:04:30.647174+00,,,6,
9f57a28f-6d13-4ad7-87bd-c7b10bf98562,,traslado,2d54377d-d817-4445-9c96-bee4a1bc0105,bdf0d98a-f0ee-4f42-a761-11be1a352e61,3,1,2025-10-04 22:04:30.524207+00,,,,,2025-10-04 22:04:30.524207+00,,,6,
e23ef50d-c221-440c-bdf9-e2c8c2f96056,,ingreso,,,1,1,2025-10-04 22:03:45.467858+00,,,,,2025-10-04 22:03:45.467858+00,,bdf0d98a-f0ee-4f42-a761-11be1a352e61,,[setup] preload TEC-6 ONT
fde9b34d-7e6d-4621-ac96-2d1c134905f4,,ingreso,,,1,1,2025-10-04 22:03:43.043441+00,,,,,2025-10-04 22:03:43.043441+00,,bdf0d98a-f0ee-4f42-a761-11be1a352e61,,[setup] preload TEC-6 ONT
44b9452f-aaba-4dc6-9ef4-75948726f2a5,,traslado,bdf0d98a-f0ee-4f42-a761-11be1a352e61,2d54377d-d817-4445-9c96-bee4a1bc0105,3,1,2025-10-04 21:55:53.942588+00,,,,,2025-10-04 21:55:53.942588+00,,,,smoke reverse
5e79ef9e-f03d-4aa3-906a-8fac666b4336,,traslado,2d54377d-d817-4445-9c96-bee4a1bc0105,bdf0d98a-f0ee-4f42-a761-11be1a352e61,3,1,2025-10-04 21:55:53.89376+00,,,,,2025-10-04 21:55:53.89376+00,,,,smoke transf->traslado
a51ad93f-0071-4297-a6b6-5706829d2c38,,ajuste,bdf0d98a-f0ee-4f42-a761-11be1a352e61,,3,2,2025-10-04 21:55:53.326504+00,,,,,2025-10-04 21:55:53.326504+00,,,6,smoke revert (-2)
edc72b95-a6a2-4134-b42c-d6b5a732f75d,,ajuste,,bdf0d98a-f0ee-4f42-a761-11be1a352e61,3,2,2025-10-04 21:55:53.235942+00,,,,,2025-10-04 21:55:53.235942+00,,,6,smoke (+2)
8dc18ff3-233f-49f2-b8df-8139994cd98e,,traslado,bdf0d98a-f0ee-4f42-a761-11be1a352e61,2d54377d-d817-4445-9c96-bee4a1bc0105,3,1,2025-10-04 21:52:00.818225+00,,,,,2025-10-04 21:52:00.818225+00,,,,smoke reverse
acff1e26-71b3-46d2-94f7-a89d943c3430,,traslado,2d54377d-d817-4445-9c96-bee4a1bc0105,bdf0d98a-f0ee-4f42-a761-11be1a352e61,3,1,2025-10-04 21:52:00.774054+00,,,,,2025-10-04 21:52:00.774054+00,,,,smoke transf->traslado
92282700-f5c0-4361-a350-b2bc6c5b4948,,ajuste,bdf0d98a-f0ee-4f42-a761-11be1a352e61,,3,2,2025-10-04 21:52:00.274993+00,,,,,2025-10-04 21:52:00.274993+00,,,6,smoke revert (-2)
c237f3e6-a801-4111-9591-e4a5d41db40c,,ajuste,,bdf0d98a-f0ee-4f42-a761-11be1a352e61,3,2,2025-10-04 21:52:00.180894+00,,,,,2025-10-04 21:52:00.180894+00,,,6,smoke (+2)
afbbe2c8-1f15-4d30-a100-4bbe6011cb70,,traslado,bdf0d98a-f0ee-4f42-a761-11be1a352e61,2d54377d-d817-4445-9c96-bee4a1bc0105,3,1,2025-10-04 21:51:16.732675+00,,,,,2025-10-04 21:51:16.732675+00,,,,smoke reverse
efbe6092-a1a7-41d8-b2a4-17ea52d66981,,traslado,2d54377d-d817-4445-9c96-bee4a1bc0105,bdf0d98a-f0ee-4f42-a761-11be1a352e61,3,1,2025-10-04 21:51:16.684458+00,,,,,2025-10-04 21:51:16.684458+00,,,,smoke transf->traslado
bf65d24d-936c-409f-ade5-194ae945bb38,,ajuste,bdf0d98a-f0ee-4f42-a761-11be1a352e61,,3,2,2025-10-04 21:51:16.172839+00,,,,,2025-10-04 21:51:16.172839+00,,,6,smoke revert (-2)
a89ac9eb-262a-44d1-8fb4-373238d5bdf3,,ajuste,,bdf0d98a-f0ee-4f42-a761-11be1a352e61,3,2,2025-10-04 21:51:16.072398+00,,,,,2025-10-04 21:51:16.072398+00,,,6,smoke (+2)
995379f6-4e83-47de-a684-d6557c02ac7b,,ajuste,,beb7a8f6-28a2-4ad2-b121-5619580ba82d,1,15,2025-10-04 20:44:01.708789+00,,,,,2025-10-04 20:44:01.708789+00,,,,cuadre historico (+15)
18298117-d4b6-4b0b-89fc-e57bae334664,,traslado,bdf0d98a-f0ee-4f42-a761-11be1a352e61,2d54377d-d817-4445-9c96-bee4a1bc0105,3,1,2025-10-04 20:34:56.693514+00,,,,,2025-10-04 20:34:56.693514+00,,,,smoke reverse
31674877-7b06-46bd-b784-99dc2bc34a3e,,traslado,2d54377d-d817-4445-9c96-bee4a1bc0105,bdf0d98a-f0ee-4f42-a761-11be1a352e61,3,1,2025-10-04 20:34:56.663567+00,,,,,2025-10-04 20:34:56.663567+00,,,,smoke transf->traslado
e6ca1006-0da8-4df5-8cd0-87eb3884bc91,,traslado,bdf0d98a-f0ee-4f42-a761-11be1a352e61,2d54377d-d817-4445-9c96-bee4a1bc0105,3,1,2025-10-04 20:33:54.406206+00,,,,,2025-10-04 20:33:54.406206+00,,,,smoke reverse
bea8c25c-029c-4051-b588-28c50f342ee4,,traslado,2d54377d-d817-4445-9c96-bee4a1bc0105,bdf0d98a-f0ee-4f42-a761-11be1a352e61,3,1,2025-10-04 20:33:54.374661+00,,,,,2025-10-04 20:33:54.374661+00,,,,smoke transf->traslado
4ede9d0d-ed32-489f-a025-d527112975f4,,ajuste,bdf0d98a-f0ee-4f42-a761-11be1a352e61,,3,2,2025-10-04 20:33:36.908994+00,,,,,2025-10-04 20:33:36.908994+00,,,6,test revert (-2)
7c08d8a8-5dca-478a-a334-6ea74079ed7f,,ajuste,,bdf0d98a-f0ee-4f42-a761-11be1a352e61,3,2,2025-10-04 20:33:36.825637+00,,,,,2025-10-04 20:33:36.825637+00,,,6,test (+2)
22ae2beb-f002-424a-b1aa-47758520f619,,traslado,bdf0d98a-f0ee-4f42-a761-11be1a352e61,2d54377d-d817-4445-9c96-bee4a1bc0105,3,1,2025-10-04 17:53:51.063871+00,,,,,2025-10-04 17:53:51.063871+00,,,,reversa test
d420c451-b92f-4b67-80a9-ece1e66a9ad3,,traslado,2d54377d-d817-4445-9c96-bee4a1bc0105,bdf0d98a-f0ee-4f42-a761-11be1a352e61,3,1,2025-10-04 17:53:42.149177+00,,,,,2025-10-04 17:53:42.149177+00,,,,transf normalizada a traslado
439bfa4b-af01-4b4f-9207-863b44d4cba8,,ajuste,bdf0d98a-f0ee-4f42-a761-11be1a352e61,,3,2,2025-10-04 17:53:35.82248+00,,,,,2025-10-04 17:53:35.82248+00,,,6,ajuste ok revert (-)
e30f8e1d-48af-4e53-b2e5-7a05d7f9c6c8,,ajuste,,bdf0d98a-f0ee-4f42-a761-11be1a352e61,3,2,2025-10-04 17:53:35.734833+00,,,,,2025-10-04 17:53:35.734833+00,,,6,ajuste ok (+)
929924b0-6225-4790-90e8-abc0793f221e,,traslado,bdf0d98a-f0ee-4f42-a761-11be1a352e61,2d54377d-d817-4445-9c96-bee4a1bc0105,3,1,2025-10-04 17:38:20.323669+00,,,,,2025-10-04 17:38:20.323669+00,,,6,smoke devolución
4b779221-0f0b-4d4e-9b3f-ab559b49f950,,ajuste,bdf0d98a-f0ee-4f42-a761-11be1a352e61,,3,1,2025-10-04 17:38:20.270065+00,,,,,2025-10-04 17:38:20.270065+00,,,6,smoke ajuste (-)
4df20282-428d-4a15-b262-7d8774e75725,,ajuste,,bdf0d98a-f0ee-4f42-a761-11be1a352e61,3,2,2025-10-04 17:38:20.232907+00,,,,,2025-10-04 17:38:20.232907+00,,,6,smoke ajuste (+)
a2b53742-e0b7-43ac-b2bf-4eca182720b1,,traslado,2d54377d-d817-4445-9c96-bee4a1bc0105,bdf0d98a-f0ee-4f42-a761-11be1a352e61,3,1,2025-10-04 17:38:20.201239+00,,,,,2025-10-04 17:38:20.201239+00,,,,smoke CENTRAL->TEC-6
db566522-60dd-4477-97de-a3b687752e53,,traslado,bdf0d98a-f0ee-4f42-a761-11be1a352e61,2d54377d-d817-4445-9c96-bee4a1bc0105,3,1,2025-10-04 14:00:30.515882+00,,,,,2025-10-04 14:00:30.515882+00,,,6,smoke devolución
f8538553-3bdf-4073-b8f4-ff2b696eea0f,,ajuste,bdf0d98a-f0ee-4f42-a761-11be1a352e61,,3,1,2025-10-04 14:00:30.46777+00,,,,,2025-10-04 14:00:30.46777+00,,,6,smoke ajuste (-)
abc3ead1-fc00-4ee5-9865-8b62f52cab3c,,ajuste,,bdf0d98a-f0ee-4f42-a761-11be1a352e61,3,2,2025-10-04 14:00:30.419246+00,,,,,2025-10-04 14:00:30.419246+00,,,6,smoke ajuste (+)
98b7fb86-94d4-4958-84b3-6698ef10b9a8,,traslado,2d54377d-d817-4445-9c96-bee4a1bc0105,bdf0d98a-f0ee-4f42-a761-11be1a352e61,3,1,2025-10-04 14:00:30.371328+00,,,,,2025-10-04 14:00:30.371328+00,,,,smoke CENTRAL->TEC-6
2b20199d-ed38-4e59-85d7-d90c1aaa1580,,ajuste,bdf0d98a-f0ee-4f42-a761-11be1a352e61,,3,1,2025-10-04 13:54:26.078895+00,,,,,2025-10-04 13:54:26.078895+00,,,6,ajuste (-) prueba
0442e910-ad7b-44d1-be5b-467f83a3391b,,ajuste,,bdf0d98a-f0ee-4f42-a761-11be1a352e61,3,2,2025-10-04 13:54:26.032932+00,,,,,2025-10-04 13:54:26.032932+00,,,6,ajuste (+) prueba
f3620874-abac-4bc7-9743-6d07860f5927,,traslado,bdf0d98a-f0ee-4f42-a761-11be1a352e61,2d54377d-d817-4445-9c96-bee4a1bc0105,3,1,2025-10-04 13:54:16.079988+00,,,,,2025-10-04 13:54:16.079988+00,,,6,devolución TEC-6->CENTRAL
44a56f0a-48ec-47fa-b328-440a8aaddeef,,traslado,2d54377d-d817-4445-9c96-bee4a1bc0105,bdf0d98a-f0ee-4f42-a761-11be1a352e61,3,1,2025-10-04 13:54:08.61869+00,,,,,2025-10-04 13:54:08.61869+00,,,6,prueba CENTRAL->TEC-6
37ea402a-7063-4de8-8b95-fa03f4acd74c,,traslado,2d54377d-d817-4445-9c96-bee4a1bc0105,bdf0d98a-f0ee-4f42-a761-11be1a352e61,3,1,2025-10-04 13:54:00.238213+00,,,,,2025-10-04 13:54:00.238213+00,,,,prueba traslado directo
864cd5bc-8e13-42a2-a066-aef39482dd4f,,traslado,2d54377d-d817-4445-9c96-bee4a1bc0105,bdf0d98a-f0ee-4f42-a761-11be1a352e61,3,1,2025-10-04 13:49:36.455367+00,,,,,2025-10-04 13:49:36.455367+00,,,6,prueba CENTRAL->TEC-6
bbc1d3da-f5e1-4606-aa3e-857595a90a83,,traslado,2d54377d-d817-4445-9c96-bee4a1bc0105,bdf0d98a-f0ee-4f42-a761-11be1a352e61,3,1,2025-10-04 13:49:27.547163+00,,,,,2025-10-04 13:49:27.547163+00,,,,test traslado directo
03d55f8a-3e77-4fc8-8521-4674ab3c825a,,ingreso,,a1f107e4-2184-4d88-aa04-39d31aa0c02d,1,20,2025-10-04 01:24:49.274665+00,,,,,2025-10-04 01:24:49.274665+00,,,,seed MULTI-CENTRAL make
bbb1a9f8-3db7-4974-a998-6890be71770f,,ingreso,,a1f107e4-2184-4d88-aa04-39d31aa0c02d,2,20,2025-10-04 01:24:49.274665+00,,,,,2025-10-04 01:24:49.274665+00,,,,seed MULTI-CENTRAL make
9a024383-552d-43b3-9df2-7a876654deac,,ingreso,,a1f107e4-2184-4d88-aa04-39d31aa0c02d,3,20,2025-10-04 01:24:49.274665+00,,,,,2025-10-04 01:24:49.274665+00,,,,seed MULTI-CENTRAL make
23a1f36b-c52d-490f-b9fa-e3fe2c8a70f2,,ingreso,,a1f107e4-2184-4d88-aa04-39d31aa0c02d,4,20,2025-10-04 01:24:49.274665+00,,,,,2025-10-04 01:24:49.274665+00,,,,seed MULTI-CENTRAL make
8198e41f-938a-4d9c-9691-75e9fb5fe254,,ingreso,,2d54377d-d817-4445-9c96-bee4a1bc0105,3,20,2025-10-04 01:21:55.861739+00,,,,,2025-10-04 01:21:55.861739+00,,,,seed CENTRAL make
8eb23ae6-7cb3-463f-8130-43bc94426e6c,,ingreso,,2d54377d-d817-4445-9c96-bee4a1bc0105,2,20,2025-10-04 01:21:55.861739+00,,,,,2025-10-04 01:21:55.861739+00,,,,seed CENTRAL make
4e30158f-a630-46d3-aaa8-102ca3cf279e,,ingreso,,2d54377d-d817-4445-9c96-bee4a1bc0105,4,20,2025-10-04 01:21:55.861739+00,,,,,2025-10-04 01:21:55.861739+00,,,,seed CENTRAL make
9fbf5b3b-e835-411b-b0a7-c40c2c5807cf,,ingreso,,2d54377d-d817-4445-9c96-bee4a1bc0105,1,14,2025-10-04 01:21:55.861739+00,,,,,2025-10-04 01:21:55.861739+00,,,,seed CENTRAL make
97d0f1c2-f647-4304-a6a1-b8951d26b761,,ingreso,,,3,20,2025-10-04 01:10:19.28861+00,,,,,2025-10-04 01:10:19.28861+00,,,,seed MAIN make
e0cbd08b-6cf7-4057-a4a5-b44a2c5c7041,,ingreso,,,2,20,2025-10-04 01:10:19.28861+00,,,,,2025-10-04 01:10:19.28861+00,,,,seed MAIN make
03f06ccd-9f4d-471b-940c-9c7a70187fc7,,ingreso,,,4,20,2025-10-04 01:10:19.28861+00,,,,,2025-10-04 01:10:19.28861+00,,,,seed MAIN make
f74d68b8-aee7-48d5-825e-0191f8d1b939,,ingreso,,,1,20,2025-10-04 01:10:19.28861+00,,,,,2025-10-04 01:10:19.28861+00,,,,seed MAIN make
51f123a7-770a-479a-9bd0-67f114a89e24,,ingreso,,,3,20,2025-10-04 01:05:11.939549+00,,,,,2025-10-04 01:05:11.939549+00,,,,seed MAIN emergencia
2271eccf-a67e-4451-95f8-b1c1aec50cb4,,ingreso,,,2,20,2025-10-04 01:05:11.939549+00,,,,,2025-10-04 01:05:11.939549+00,,,,seed MAIN emergencia
37c03dea-bead-4d56-b72f-319518fc2901,,ingreso,,,4,20,2025-10-04 01:05:11.939549+00,,,,,2025-10-04 01:05:11.939549+00,,,,seed MAIN emergencia
64961895-9251-4366-9807-ef0ab52f1416,,ingreso,,,1,20,2025-10-04 01:05:11.939549+00,,,,,2025-10-04 01:05:11.939549+00,,,,seed MAIN emergencia
a0549872-433f-4700-9a59-2509996b4c94,,egreso,bdf0d98a-f0ee-4f42-a761-11be1a352e61,,3,1,2025-10-03 20:59:50.268747+00,,,,,2025-10-03 20:59:50.268747+00,,,6,ajuste -1 TEC-6
7243f26c-b50f-46c5-8af7-b7918513e241,,ingreso,,bdf0d98a-f0ee-4f42-a761-11be1a352e61,3,1,2025-10-03 20:59:50.224894+00,,,,,2025-10-03 20:59:50.224894+00,,,6,ajuste +1 TEC-6
7c03c196-1a6f-40bf-aa9d-edab97793473,,egreso,2d54377d-d817-4445-9c96-bee4a1bc0105,,3,1,2025-10-03 20:59:49.925778+00,,,,,2025-10-03 20:59:49.925778+00,,,6,smoke transferencia MAIN->TEC-6 2025-10-03T15:59:49-05:00
30ddb4ce-33d3-46a1-9ddb-b8e1c35efc6d,,ingreso,,bdf0d98a-f0ee-4f42-a761-11be1a352e61,3,1,2025-10-03 20:59:49.925778+00,,,,,2025-10-03 20:59:49.925778+00,,,6,smoke transferencia MAIN->TEC-6 2025-10-03T15:59:49-05:00
6ee536dd-6f0c-47c3-ae95-1be207c4ed2b,,ingreso,,bdf0d98a-f0ee-4f42-a761-11be1a352e61,3,1,2025-10-03 20:48:43.397355+00,,,,,2025-10-03 20:48:43.397355+00,,,6,smoke transferencia MAIN->TEC-6 2025-10-03T15:48:43-05:00
b10c1138-0a5d-4168-b014-f197d113ffb7,,egreso,2d54377d-d817-4445-9c96-bee4a1bc0105,,3,1,2025-10-03 20:48:43.397355+00,,,,,2025-10-03 20:48:43.397355+00,,,6,smoke transferencia MAIN->TEC-6 2025-10-03T15:48:43-05:00
33ac1f10-cddd-4528-be20-723f33cefc87,,egreso,2d54377d-d817-4445-9c96-bee4a1bc0105,,3,1,2025-10-03 20:43:50.820694+00,,,,,2025-10-03 20:43:50.820694+00,,,,
f34a9bbb-902e-4228-8096-7e7052ae9153,,ingreso,,2d54377d-d817-4445-9c96-bee4a1bc0105,3,1,2025-10-03 20:43:50.783006+00,,,,,2025-10-03 20:43:50.783006+00,,,,
29d2a5ef-ca26-4d96-ae94-5206af1673a9,,egreso,2d54377d-d817-4445-9c96-bee4a1bc0105,,3,1,2025-10-03 20:43:43.578249+00,,,,,2025-10-03 20:43:43.578249+00,,,,
57d9c052-a59a-4e48-9e7f-209d305ff339,,ingreso,,2d54377d-d817-4445-9c96-bee4a1bc0105,3,1,2025-10-03 20:43:43.578249+00,,,,,2025-10-03 20:43:43.578249+00,,,,
5799a960-eb1a-4c36-8ac5-4e44fefc26a1,,ingreso,,2d54377d-d817-4445-9c96-bee4a1bc0105,3,1,2025-10-03 20:43:29.764867+00,,,,,2025-10-03 20:43:29.764867+00,,,,
d5c227a1-d360-4ef9-9f08-548ad1595fbe,,egreso,2d54377d-d817-4445-9c96-bee4a1bc0105,,3,1,2025-10-03 20:43:29.764867+00,,,,,2025-10-03 20:43:29.764867+00,,,,
b0babca3-a55e-4fbd-ad8b-939b10e357ae,,egreso,2d54377d-d817-4445-9c96-bee4a1bc0105,,3,1,2025-10-03 20:36:16.336778+00,,,,,2025-10-03 20:36:16.336778+00,,,,
0a77f50e-5ad6-48e2-8202-ce9c2e6491ef,,ingreso,,2d54377d-d817-4445-9c96-bee4a1bc0105,3,1,2025-10-03 20:36:16.309063+00,,,,,2025-10-03 20:36:16.309063+00,,,,
4c938089-eb1c-4ba1-bee3-d68812b82ed8,,ingreso,,2d54377d-d817-4445-9c96-bee4a1bc0105,3,1,2025-10-03 20:36:04.301165+00,,,,,2025-10-03 20:36:04.301165+00,,,,
5dde7178-c375-4f5a-9fa7-d916b0001bb0,,egreso,2d54377d-d817-4445-9c96-bee4a1bc0105,,3,1,2025-10-03 20:36:04.301165+00,,,,,2025-10-03 20:36:04.301165+00,,,,
2b6028be-2aac-4dc7-ba0e-e7a61e130cbd,,ingreso,,2d54377d-d817-4445-9c96-bee4a1bc0105,3,1,2025-10-03 20:35:47.298423+00,,,,,2025-10-03 20:35:47.298423+00,,,,
ff3c3b41-3f0c-4a57-9e91-72259e4fd4b6,,egreso,2d54377d-d817-4445-9c96-bee4a1bc0105,,3,1,2025-10-03 20:35:47.298423+00,,,,,2025-10-03 20:35:47.298423+00,,,,
4be9472d-237b-4c82-ab61-12dcec4fed6b,,egreso,2d54377d-d817-4445-9c96-bee4a1bc0105,,3,1,2025-10-03 20:26:37.415729+00,,,,,2025-10-03 20:26:37.415729+00,,,,
24516787-3a19-4d89-bbdc-06667a64b3e7,,ingreso,,2d54377d-d817-4445-9c96-bee4a1bc0105,3,1,2025-10-03 20:26:37.415729+00,,,,,2025-10-03 20:26:37.415729+00,,,,
910068b2-ea0c-4057-a83c-34ff934c4f91,,ingreso,,2d54377d-d817-4445-9c96-bee4a1bc0105,3,1,2025-10-03 20:24:42.060274+00,,,,,2025-10-03 20:24:42.060274+00,,,,
423aee41-9d94-4b7a-97a5-57f2c672c16a,,ingreso,,2d54377d-d817-4445-9c96-bee4a1bc0105,3,1,2025-10-03 20:22:18.523491+00,,,,,2025-10-03 20:22:18.523491+00,,,,
e55ba590-a7e1-4fce-875e-404571fa5983,,egreso,2d54377d-d817-4445-9c96-bee4a1bc0105,,3,1,2025-10-03 20:22:18.523491+00,,,,,2025-10-03 20:22:18.523491+00,,,,
b7bafdee-46a9-4e3e-a2fb-ce3387708163,,ingreso,,2d54377d-d817-4445-9c96-bee4a1bc0105,3,1,2025-10-03 20:14:05.63734+00,,,,,2025-10-03 20:14:05.63734+00,,,,
f4e4a78e-fe7e-4f3d-b55c-05653a046731,,egreso,2d54377d-d817-4445-9c96-bee4a1bc0105,,3,1,2025-10-03 20:14:05.63734+00,,,,,2025-10-03 20:14:05.63734+00,,,,
8ae5d870-1f95-4742-911b-8c06e8756bd2,,ingreso,,2d54377d-d817-4445-9c96-bee4a1bc0105,3,1,2025-10-03 19:54:29.638197+00,,,,,2025-10-03 19:54:29.638197+00,,,,
04b7b1de-0135-452c-ad27-39c2cacd5d90,,egreso,2d54377d-d817-4445-9c96-bee4a1bc0105,,3,1,2025-10-03 19:54:29.638197+00,,,,,2025-10-03 19:54:29.638197+00,,,,
6f5c857f-7eb7-4d8a-b2ee-0fc5c4126caa,,ingreso,,2d54377d-d817-4445-9c96-bee4a1bc0105,3,1,2025-10-03 19:20:47.705611+00,,,,,2025-10-03 19:20:47.705611+00,,,,seed M3 CENTRAL
6dd8688e-6f00-40ec-94f6-f2f93c06a552,,ingreso,,,1,1,2025-10-03 18:49:42.328324+00,,,,,2025-10-03 18:49:42.328324+00,,bdf0d98a-f0ee-4f42-a761-11be1a352e61,,smoke devolución TEC-6 → Central
ec5d7958-029f-41dc-a664-6aad45dde204,,egreso,,,1,1,2025-10-03 18:49:42.257955+00,,,,,2025-10-03 18:49:42.257955+00,bdf0d98a-f0ee-4f42-a761-11be1a352e61,,,
16f6b848-23f4-410e-b56a-e0007f2f0328,,ingreso,,,1,1,2025-10-03 18:43:18.427576+00,,,,,2025-10-03 18:43:18.427576+00,,bdf0d98a-f0ee-4f42-a761-11be1a352e61,,smoke devolución TEC-6 → CENTRAL
f6927af3-8bda-4fa3-a88b-bb716284d26a,,egreso,,,1,1,2025-10-03 18:43:18.399494+00,,,,,2025-10-03 18:43:18.399494+00,bdf0d98a-f0ee-4f42-a761-11be1a352e61,,,
6c84d675-55e6-4b18-b9ee-c037afb0bfef,,egreso,2d54377d-d817-4445-9c96-bee4a1bc0105,,1,1,2025-10-03 18:29:26.360352+00,,,,,2025-10-03 18:29:26.360352+00,,,,
d444f40b-a9a3-4b9a-b040-a869f91b9826,,ingreso,,2d54377d-d817-4445-9c96-bee4a1bc0105,1,1,2025-10-03 18:29:26.102228+00,,,,,2025-10-03 18:29:26.102228+00,,,,
35a5c11d-a94e-44f4-bd06-8769f4081459,,ingreso,,,1,1,2025-10-03 18:26:46.117191+00,,,,,2025-10-03 18:26:46.117191+00,,bdf0d98a-f0ee-4f42-a761-11be1a352e61,,smoke devolución TEC-6 → Central
bcfabd6d-f4c5-4d91-b586-8cbc9629329a,,egreso,,,1,1,2025-10-03 18:26:46.094156+00,,,,,2025-10-03 18:26:46.094156+00,bdf0d98a-f0ee-4f42-a761-11be1a352e61,,,
8d7d7145-6e7c-4f71-bf11-793602063666,,egreso,2d54377d-d817-4445-9c96-bee4a1bc0105,,1,1,2025-10-03 18:26:12.354546+00,,,,,2025-10-03 18:26:12.354546+00,,,,
be12744f-234e-4388-a12e-01d3e5136a80,,ingreso,,2d54377d-d817-4445-9c96-bee4a1bc0105,1,1,2025-10-03 18:26:12.100817+00,,,,,2025-10-03 18:26:12.100817+00,,,,
1ae68910-47c6-457f-ba8a-b1543b993179,,ingreso,,2d54377d-d817-4445-9c96-bee4a1bc0105,1,3,2025-10-03 18:26:04.082571+00,,,,,2025-10-03 18:26:04.082571+00,,,,
223575b9-3320-416a-8b4b-47542bfad077,,ingreso,,,1,1,2025-10-03 18:17:47.217768+00,,,,,2025-10-03 18:17:47.217768+00,,bdf0d98a-f0ee-4f42-a761-11be1a352e61,,smoke devolución TEC-6 → Central
d9fd0c60-ea7b-4bbc-a809-785e8b36dc98,,egreso,,,1,1,2025-10-03 18:17:47.192852+00,,,,,2025-10-03 18:17:47.192852+00,bdf0d98a-f0ee-4f42-a761-11be1a352e61,,,
af61046f-0e93-4c3f-ac85-0bf14b96f95b,,ingreso,,2d54377d-d817-4445-9c96-bee4a1bc0105,1,1,2025-10-03 18:17:19.07554+00,,,,,2025-10-03 18:17:19.07554+00,,,,
75918604-c08e-49f5-bee8-479a18fc927d,,ingreso,,2d54377d-d817-4445-9c96-bee4a1bc0105,1,2,2025-10-03 18:16:37.190376+00,,,,,2025-10-03 18:16:37.190376+00,,,,
b7737155-1cc3-4b07-9235-0caf0fd1aeee,,egreso,2d54377d-d817-4445-9c96-bee4a1bc0105,,1,1,2025-10-03 18:15:15.373759+00,,,,,2025-10-03 18:15:15.373759+00,,,,
9bccd389-1eb8-4c5d-83bc-23efbb6e5f0a,,ingreso,,2d54377d-d817-4445-9c96-bee4a1bc0105,1,1,2025-10-03 18:15:14.902679+00,,,,,2025-10-03 18:15:14.902679+00,,,,
266459cf-5965-4806-a890-cbc6a9ac37e4,,ingreso,,,1,1,2025-10-03 17:40:09.198832+00,,,,,2025-10-03 17:40:09.198832+00,,bdf0d98a-f0ee-4f42-a761-11be1a352e61,,smoke devolución TEC-6 → Central
1d13284a-2b51-4546-851c-d4d792ee4c1f,,egreso,,,1,1,2025-10-03 17:40:09.167395+00,,,,,2025-10-03 17:40:09.167395+00,bdf0d98a-f0ee-4f42-a761-11be1a352e61,,,
f347d847-26be-4ac0-8662-a70fca3bb46b,,ingreso,,,1,1,2025-10-03 17:39:38.334943+00,,,,,2025-10-03 17:39:38.334943+00,,bdf0d98a-f0ee-4f42-a761-11be1a352e61,,smoke devolución TEC-6 → Central
9e489307-9689-4797-b980-b52e999fe441,,egreso,,,1,1,2025-10-03 17:39:38.307901+00,,,,,2025-10-03 17:39:38.307901+00,bdf0d98a-f0ee-4f42-a761-11be1a352e61,,,
4b116cf7-e786-4ade-985e-387b95aec4af,,ingreso,,,1,1,2025-10-03 17:39:09.054621+00,,,,,2025-10-03 17:39:09.054621+00,,bdf0d98a-f0ee-4f42-a761-11be1a352e61,,smoke devolución TEC-6 → Central
370b8109-983f-4a42-b7e1-dc68aa6b6d59,,egreso,,,1,1,2025-10-03 17:39:09.026019+00,,,,,2025-10-03 17:39:09.026019+00,bdf0d98a-f0ee-4f42-a761-11be1a352e61,,,
9c889fa2-76a7-414c-a281-cd1a3290a75b,,ingreso,,,1,1,2025-10-03 17:36:53.691391+00,,,,,2025-10-03 17:36:53.691391+00,,bdf0d98a-f0ee-4f42-a761-11be1a352e61,,smoke devolución TEC-6 → Central
e6123b07-1da8-463b-87aa-2a5a4da3c7d4,,egreso,,,1,1,2025-10-03 17:36:53.672174+00,,,,,2025-10-03 17:36:53.672174+00,bdf0d98a-f0ee-4f42-a761-11be1a352e61,,,
8f138dfe-e81c-4344-a72e-edf64ecd5441,,ingreso,,,1,1,2025-10-03 17:36:51.223153+00,,,,,2025-10-03 17:36:51.223153+00,,bdf0d98a-f0ee-4f42-a761-11be1a352e61,,[setup] preload TEC-6 ONT
d2ef2fbf-cdcd-4fca-8189-e61323ae64db,,egreso,,,3,1,2025-10-03 17:36:49.802877+00,,,,,2025-10-03 17:36:49.802877+00,bdf0d98a-f0ee-4f42-a761-11be1a352e61,,,
57cdf154-5831-499c-9d6c-dbfa5a08a580,,ingreso,,,3,1,2025-10-03 17:36:49.676267+00,,,,,2025-10-03 17:36:49.676267+00,,bdf0d98a-f0ee-4f42-a761-11be1a352e61,,
c55d933d-94ab-4f4a-9b25-bd3a14dcbda9,,ingreso,,,1,1,2025-10-03 17:33:44.990007+00,,,,,2025-10-03 17:33:44.990007+00,,bdf0d98a-f0ee-4f42-a761-11be1a352e61,,rollback suave egreso fallido
2701cef1-f05b-47cf-a251-393a10bfc99f,,ingreso,,,1,1,2025-10-03 17:33:44.385788+00,,,,,2025-10-03 17:33:44.385788+00,,bdf0d98a-f0ee-4f42-a761-11be1a352e61,,smoke devolución TEC-6 → Central
748f904b-4989-44e2-9338-c4c8cb3fcc04,,egreso,,,1,1,2025-10-03 17:33:44.359741+00,,,,,2025-10-03 17:33:44.359741+00,bdf0d98a-f0ee-4f42-a761-11be1a352e61,,,
5d05d465-4f61-4e07-a21b-a6813bb4085f,,ingreso,,,1,1,2025-10-03 17:21:42.336065+00,,,,,2025-10-03 17:21:42.336065+00,,bdf0d98a-f0ee-4f42-a761-11be1a352e61,,rollback suave egreso fallido
ae3b72f8-50aa-4237-a5ec-4bf228a8a34f,,ingreso,,,1,1,2025-10-03 17:21:42.298885+00,,,,,2025-10-03 17:21:42.298885+00,,bdf0d98a-f0ee-4f42-a761-11be1a352e61,,smoke devolución TEC-6 → Central
fef35b61-8553-4e32-ac09-b651ef0119f3,,egreso,,,1,1,2025-10-03 17:21:42.271074+00,,,,,2025-10-03 17:21:42.271074+00,bdf0d98a-f0ee-4f42-a761-11be1a352e61,,,
0280d837-8a98-4694-ba9c-a30b4eadd46c,,egreso,,,1,1,2025-10-03 17:19:00.746947+00,,,,,2025-10-03 17:19:00.746947+00,bdf0d98a-f0ee-4f42-a761-11be1a352e61,,,
fcfd93c9-8873-4def-a085-da33266ddf99,,egreso,,,1,1,2025-10-03 17:18:39.858142+00,,,,,2025-10-03 17:18:39.858142+00,bdf0d98a-f0ee-4f42-a761-11be1a352e61,,,
25080b30-abd9-457d-89b2-4549c6b31985,,ingreso,,,3,1,2025-10-03 17:08:45.771643+00,,,,,2025-10-03 17:08:45.771643+00,,846d87aa-891c-4ed0-a9bb-a71594ec6654,,
8e23503e-acfe-41d5-b477-b7aaff1dfbd5,,ingreso,,,1,1,2025-10-03 17:08:43.660958+00,,,,,2025-10-03 17:08:43.660958+00,,bdf0d98a-f0ee-4f42-a761-11be1a352e61,,[setup] preload TEC-6 ONT
62e756cd-53cb-4e23-8960-94abf77809cd,,egreso,,,3,1,2025-10-03 17:08:42.214426+00,,,,,2025-10-03 17:08:42.214426+00,bdf0d98a-f0ee-4f42-a761-11be1a352e61,,,
0aaca738-40ff-4478-88ec-0f50b3e01ce8,,ingreso,,,3,1,2025-10-03 17:08:42.051143+00,,,,,2025-10-03 17:08:42.051143+00,,bdf0d98a-f0ee-4f42-a761-11be1a352e61,,
91f523e9-1c87-464e-88e9-61d8cfe507f9,,ingreso,,,3,1,2025-10-03 17:08:21.70527+00,,,,,2025-10-03 17:08:21.70527+00,,846d87aa-891c-4ed0-a9bb-a71594ec6654,,
0a540724-ce3f-4953-a89f-7535f74b5734,,ingreso,,,1,1,2025-10-03 17:05:41.617736+00,,,,,2025-10-03 17:05:41.617736+00,,bdf0d98a-f0ee-4f42-a761-11be1a352e61,,[setup] preload TEC-6 ONT
2834c135-35dd-4958-bd7c-0ba6c10bdc71,,egreso,,,3,1,2025-10-03 17:05:40.213373+00,,,,,2025-10-03 17:05:40.213373+00,bdf0d98a-f0ee-4f42-a761-11be1a352e61,,,
e4d93e7d-de74-42a3-8c13-3c09c88fcebc,,ingreso,,,3,1,2025-10-03 17:05:40.084335+00,,,,,2025-10-03 17:05:40.084335+00,,bdf0d98a-f0ee-4f42-a761-11be1a352e61,,
66b0f657-cf33-4b39-9ced-39cda4d26c52,,ingreso,,,1,1,2025-10-03 17:05:00.774009+00,,,,,2025-10-03 17:05:00.774009+00,,bdf0d98a-f0ee-4f42-a761-11be1a352e61,,[setup] preload TEC-6 ONT
90e3c367-5d68-45ca-ab19-b0ba1088b44b,,ingreso,,,1,1,2025-10-03 17:01:33.526621+00,,,,,2025-10-03 17:01:33.526621+00,,bdf0d98a-f0ee-4f42-a761-11be1a352e61,,[setup] preload TEC-6 ONT
1cecdce4-5ff9-4dc4-b039-88c67c5087c1,,egreso,,,3,1,2025-10-03 16:59:05.493096+00,,,,,2025-10-03 16:59:05.493096+00,bdf0d98a-f0ee-4f42-a761-11be1a352e61,,,
eb0fb672-2097-4d36-8931-cdfbd487d5d9,,ingreso,,,3,1,2025-10-03 16:59:05.361876+00,,,,,2025-10-03 16:59:05.361876+00,,bdf0d98a-f0ee-4f42-a761-11be1a352e61,,
dcd1b623-1d24-49a6-bb24-e47d10a99e3c,,egreso,,,3,1,2025-10-03 16:59:04.792989+00,,,,,2025-10-03 16:59:04.792989+00,bdf0d98a-f0ee-4f42-a761-11be1a352e61,,,
9c6eb8c8-84b0-4db8-8109-8044be0ab025,,ingreso,,,3,1,2025-10-03 16:59:04.655606+00,,,,,2025-10-03 16:59:04.655606+00,,bdf0d98a-f0ee-4f42-a761-11be1a352e61,,
d27b7714-a505-4282-bd1a-bb5a228cbafd,,egreso,,,3,1,2025-10-03 16:56:34.941804+00,,,,,2025-10-03 16:56:34.941804+00,bdf0d98a-f0ee-4f42-a761-11be1a352e61,,,
bc96b25d-d60c-49bd-839c-37cafd1ddca1,,ingreso,,,3,1,2025-10-03 16:56:34.818129+00,,,,,2025-10-03 16:56:34.818129+00,,bdf0d98a-f0ee-4f42-a761-11be1a352e61,,
e2ad6ec6-0fb3-4985-90e9-cd473f0ab289,,egreso,,,3,1,2025-10-03 16:56:34.319322+00,,,,,2025-10-03 16:56:34.319322+00,bdf0d98a-f0ee-4f42-a761-11be1a352e61,,,
960c44dd-f203-43a5-abe4-5f592f0e8397,,ingreso,,,3,1,2025-10-03 16:56:34.190317+00,,,,,2025-10-03 16:56:34.190317+00,,bdf0d98a-f0ee-4f42-a761-11be1a352e61,,
9dd05aa7-a62a-4c74-8008-99b59dd0ce82,,egreso,,,3,1,2025-10-03 16:44:09.725138+00,,,,,2025-10-03 16:44:09.725138+00,bdf0d98a-f0ee-4f42-a761-11be1a352e61,,,
9370178b-2352-4e51-8d57-f11c59dac928,,ingreso,,,3,1,2025-10-03 16:44:09.605251+00,,,,,2025-10-03 16:44:09.605251+00,,bdf0d98a-f0ee-4f42-a761-11be1a352e61,,
2d9a831a-7429-4896-a29c-34283423d240,,egreso,,,3,1,2025-10-03 16:44:09.099965+00,,,,,2025-10-03 16:44:09.099965+00,bdf0d98a-f0ee-4f42-a761-11be1a352e61,,,
a7c295b5-b376-4465-8535-78db995d6622,,ingreso,,,3,1,2025-10-03 16:44:08.969314+00,,,,,2025-10-03 16:44:08.969314+00,,bdf0d98a-f0ee-4f42-a761-11be1a352e61,,
8f3cf6ae-51f8-43d8-9473-2e237b278cb5,,egreso,,,3,1,2025-10-03 16:39:09.935809+00,,,,,2025-10-03 16:39:09.935809+00,bdf0d98a-f0ee-4f42-a761-11be1a352e61,,,
3b9c059d-d50f-4935-8508-3f985c661560,,ingreso,,,3,1,2025-10-03 16:39:09.814675+00,,,,,2025-10-03 16:39:09.814675+00,,bdf0d98a-f0ee-4f42-a761-11be1a352e61,,
10d60178-c200-4703-bc14-fd34173fb205,,egreso,,,3,1,2025-10-03 16:39:09.27021+00,,,,,2025-10-03 16:39:09.27021+00,bdf0d98a-f0ee-4f42-a761-11be1a352e61,,,
3bc770d7-a833-477c-9547-1fe6c616d4b1,,ingreso,,,3,1,2025-10-03 16:39:09.13796+00,,,,,2025-10-03 16:39:09.13796+00,,bdf0d98a-f0ee-4f42-a761-11be1a352e61,,
950ab037-6a67-4954-974e-87f519e6b706,,egreso,,,3,1,2025-10-03 16:37:32.23085+00,,,,,2025-10-03 16:37:32.23085+00,bdf0d98a-f0ee-4f42-a761-11be1a352e61,,,
b6987bbc-2713-4ada-aa8c-b7462434f09a,,ingreso,,,3,1,2025-10-03 16:37:32.100973+00,,,,,2025-10-03 16:37:32.100973+00,,bdf0d98a-f0ee-4f42-a761-11be1a352e61,,
dbb449bf-902c-4f2a-8402-7a5b79559596,,egreso,,,3,1,2025-10-03 16:37:31.581356+00,,,,,2025-10-03 16:37:31.581356+00,bdf0d98a-f0ee-4f42-a761-11be1a352e61,,,
c37ac0ee-0c43-4910-90e5-c58928b85b95,,ingreso,,,3,1,2025-10-03 16:37:31.453509+00,,,,,2025-10-03 16:37:31.453509+00,,bdf0d98a-f0ee-4f42-a761-11be1a352e61,,
b513dfa1-2b0b-4627-a86e-1ecfa702d20d,,egreso,,,3,1,2025-10-03 16:34:57.677257+00,,,,,2025-10-03 16:34:57.677257+00,bdf0d98a-f0ee-4f42-a761-11be1a352e61,,,
276e790d-d0c4-4397-95dc-4250d8f7939c,,ingreso,,,3,1,2025-10-03 16:34:57.556297+00,,,,,2025-10-03 16:34:57.556297+00,,bdf0d98a-f0ee-4f42-a761-11be1a352e61,,
d3edc62e-da64-4af7-8281-db10779fe397,,egreso,,,3,1,2025-10-03 16:34:56.944231+00,,,,,2025-10-03 16:34:56.944231+00,bdf0d98a-f0ee-4f42-a761-11be1a352e61,,,
80a37463-3d53-4f11-9e38-2bd8cf4bfac7,,ingreso,,,3,1,2025-10-03 16:34:56.80598+00,,,,,2025-10-03 16:34:56.80598+00,,bdf0d98a-f0ee-4f42-a761-11be1a352e61,,
8156c539-58e5-43e0-aae3-1a5ada9fbbc1,,egreso,,,3,1,2025-10-03 16:34:56.252807+00,,,,,2025-10-03 16:34:56.252807+00,bdf0d98a-f0ee-4f42-a761-11be1a352e61,,,
8125dbdc-70ba-4627-9534-3fe2152646cf,,ingreso,,,3,1,2025-10-03 16:34:56.11781+00,,,,,2025-10-03 16:34:56.11781+00,,bdf0d98a-f0ee-4f42-a761-11be1a352e61,,
c29dc104-3975-4504-8118-a7c411d69e04,,egreso,,,3,1,2025-10-03 16:32:46.298349+00,,,,,2025-10-03 16:32:46.298349+00,bdf0d98a-f0ee-4f42-a761-11be1a352e61,,,
5a4c740f-315e-4fbd-9ab4-b8354b5665e6,,ingreso,,,3,1,2025-10-03 16:32:46.122833+00,,,,,2025-10-03 16:32:46.122833+00,,bdf0d98a-f0ee-4f42-a761-11be1a352e61,,
9d459156-f26d-486d-9281-00fe3d219629,,ingreso,,,1,1,2025-10-03 16:26:36.437352+00,,,,,2025-10-03 16:26:36.437352+00,,bdf0d98a-f0ee-4f42-a761-11be1a352e61,,[setup] preload TEC-6 ONT
a65f4b1f-d1aa-4d67-a75a-0b4e6c0f622d,,egreso,,,3,1,2025-10-03 16:22:53.233305+00,,,,,2025-10-03 16:22:53.233305+00,bdf0d98a-f0ee-4f42-a761-11be1a352e61,,,
479b12d4-c33f-44ba-a108-79ab984a7ec9,,ingreso,,,3,1,2025-10-03 16:22:53.11204+00,,,,,2025-10-03 16:22:53.11204+00,,bdf0d98a-f0ee-4f42-a761-11be1a352e61,,
fd51dbac-dddd-48b1-8b05-b47ed5896568,,ingreso,,,1,1,2025-10-03 16:22:50.89131+00,,,,,2025-10-03 16:22:50.89131+00,,bdf0d98a-f0ee-4f42-a761-11be1a352e61,,[setup] preload TEC-6 ONT
769d9205-2a72-45cb-bacb-46293fe53a89,,egreso,,,3,1,2025-10-03 16:22:48.384564+00,,,,,2025-10-03 16:22:48.384564+00,bdf0d98a-f0ee-4f42-a761-11be1a352e61,,,
35a5bf49-e1a6-4941-a417-4fcc081dd35d,,ingreso,,,3,1,2025-10-03 16:22:48.246322+00,,,,,2025-10-03 16:22:48.246322+00,,bdf0d98a-f0ee-4f42-a761-11be1a352e61,,
38a1b074-e731-4ccc-80c2-9eca70fbeb90,,egreso,,,3,1,2025-10-03 16:18:19.820939+00,,,,,2025-10-03 16:18:19.820939+00,bdf0d98a-f0ee-4f42-a761-11be1a352e61,,,
6ca89b12-a206-430d-ad4b-c478a83d4ee1,,ingreso,,,3,1,2025-10-03 16:18:19.688557+00,,,,,2025-10-03 16:18:19.688557+00,,bdf0d98a-f0ee-4f42-a761-11be1a352e61,,
9da71637-60f9-47ed-93ba-03630b8ccbb7,,ingreso,,,2,1,2025-10-03 15:57:26.913528+00,,,,,2025-10-03 15:57:26.913528+00,,bdf0d98a-f0ee-4f42-a761-11be1a352e61,,[setup] preload TEC-6 REPEATER
92577690-6d16-4b4a-aaec-8bb549f412e6,,ingreso,,,1,1,2025-10-03 15:57:24.998986+00,,,,,2025-10-03 15:57:24.998986+00,,bdf0d98a-f0ee-4f42-a761-11be1a352e61,,[orden MAN-250930130817] retirar ONT ONT-ABC-001
8bc565f8-85b2-4ed2-86c7-0ca42af71c1b,,egreso,,,1,1,2025-10-03 15:57:24.743069+00,,,,,2025-10-03 15:57:24.743069+00,bdf0d98a-f0ee-4f42-a761-11be1a352e61,,,[orden MAN-250930130817] asignar ONT ONT-ABC-001
510758f3-86d6-4d84-b608-5844c02d9bd2,,ingreso,,,1,1,2025-10-03 15:57:24.484631+00,,,,,2025-10-03 15:57:24.484631+00,,bdf0d98a-f0ee-4f42-a761-11be1a352e61,,[setup] preload TEC-6 ONT
7059c64c-3efc-4c39-aeda-f771778a0405,,ingreso,,,2,1,2025-10-03 15:49:23.073669+00,,,,,2025-10-03 15:49:23.073669+00,,bdf0d98a-f0ee-4f42-a761-11be1a352e61,,[orden MAN-250930130817] retirar REPEATER REP-XYZ-123
dda50c19-c93c-4b27-ac62-1f1bc7f1d79e,,egreso,,,2,1,2025-10-03 15:49:22.823691+00,,,,,2025-10-03 15:49:22.823691+00,bdf0d98a-f0ee-4f42-a761-11be1a352e61,,,[orden MAN-250930130817] asignar REPEATER REP-XYZ-123
9752fefe-58ec-4b0f-bd8e-3abef83f9ad2,,ingreso,,,2,1,2025-10-03 15:49:22.553448+00,,,,,2025-10-03 15:49:22.553448+00,,bdf0d98a-f0ee-4f42-a761-11be1a352e61,,[setup] preload TEC-6 REPEATER
ec296830-0ce5-47b8-be02-5ec9335eebeb,,ingreso,,,1,1,2025-10-03 15:48:13.938118+00,,,,,2025-10-03 15:48:13.938118+00,,bdf0d98a-f0ee-4f42-a761-11be1a352e61,,[orden INS-000001] retirar ONT ONT-ABC-001
c982f62f-9a41-4d83-9396-b762d4dde4ca,,egreso,,,1,1,2025-10-03 15:48:13.62628+00,,,,,2025-10-03 15:48:13.62628+00,bdf0d98a-f0ee-4f42-a761-11be1a352e61,,,[orden INS-000001] asignar ONT ONT-ABC-001
4eb6aa1b-ab38-490b-9c4c-4ca616b89586,,ingreso,,,1,1,2025-10-03 15:48:13.367325+00,,,,,2025-10-03 15:48:13.367325+00,,bdf0d98a-f0ee-4f42-a761-11be1a352e61,,[setup] preload TEC-6 ONT
da4ae220-e417-4ed3-bc74-6c374b9c838e,,ingreso,,,2,1,2025-10-03 14:21:48.940095+00,,,,,2025-10-03 14:21:48.940095+00,,bdf0d98a-f0ee-4f42-a761-11be1a352e61,,[orden INS-000002] retirar REPEATER REP-XYZ-123
b7529c64-087f-4cea-9a8c-0fe327cddd7a,,egreso,,,2,1,2025-10-03 14:21:48.696622+00,,,,,2025-10-03 14:21:48.696622+00,bdf0d98a-f0ee-4f42-a761-11be1a352e61,,,[orden INS-000002] asignar REPEATER REP-XYZ-123
bd32f547-6901-47f6-92fa-4694ce9390ce,,ingreso,,,2,1,2025-10-03 14:21:48.433609+00,,,,,2025-10-03 14:21:48.433609+00,,bdf0d98a-f0ee-4f42-a761-11be1a352e61,,[setup] preload TEC-6 REPEATER
f562a27e-a343-4c55-9b6f-87e51686c58c,,ingreso,,,1,1,2025-10-03 13:53:16.860732+00,,,,,2025-10-03 13:53:16.860732+00,,bdf0d98a-f0ee-4f42-a761-11be1a352e61,,[orden INS-000003] retirar ONT ONT-ABC-001
098a8cb8-d30b-4c18-9474-d60173a863d0,,egreso,,,1,1,2025-10-03 13:53:16.602938+00,,,,,2025-10-03 13:53:16.602938+00,bdf0d98a-f0ee-4f42-a761-11be1a352e61,,,[orden INS-000003] asignar ONT ONT-ABC-001
58ffa94e-6062-4cb5-b526-da74f786d0ce,,ingreso,,,1,1,2025-10-03 13:53:16.332814+00,,,,,2025-10-03 13:53:16.332814+00,,bdf0d98a-f0ee-4f42-a761-11be1a352e61,,[setup] preload TEC-6 ONT
2c10a415-2cb8-43f9-b37a-75c229911a96,,ingreso,,,1,1,2025-10-03 13:50:20.153163+00,,,,,2025-10-03 13:50:20.153163+00,,bdf0d98a-f0ee-4f42-a761-11be1a352e61,,[orden INS-000004] retirar ONT ONT-ABC-001
c8e2af88-8808-4552-91a4-b16e988f389d,,egreso,,,1,1,2025-10-03 13:50:19.815778+00,,,,,2025-10-03 13:50:19.815778+00,bdf0d98a-f0ee-4f42-a761-11be1a352e61,,,[orden INS-000004] asignar ONT ONT-ABC-001
97c9a13a-d5f0-4a09-8a18-5e7d32eedcdf,,ingreso,,,1,1,2025-10-03 13:47:29.80196+00,,,,,2025-10-03 13:47:29.80196+00,,bdf0d98a-f0ee-4f42-a761-11be1a352e61,,[orden INS-000005] retirar ONT ONT-ABC-001
248a7d00-75d6-4c0d-a842-1b00a9599c96,,egreso,,,1,1,2025-10-03 13:47:29.536565+00,,,,,2025-10-03 13:47:29.536565+00,bdf0d98a-f0ee-4f42-a761-11be1a352e61,,,[orden INS-000005] asignar ONT ONT-ABC-001
0bae8338-51f4-46b6-b898-96341d3d55b2,,ingreso,,,1,1,2025-10-03 13:47:29.24331+00,,,,,2025-10-03 13:47:29.24331+00,,bdf0d98a-f0ee-4f42-a761-11be1a352e61,,[setup] preload TEC-6 ONT
d1f12996-c54b-4c21-99e9-078d54ce34ec,,ingreso,,,1,1,2025-10-03 13:36:13.612296+00,,,,,2025-10-03 13:36:13.612296+00,,bdf0d98a-f0ee-4f42-a761-11be1a352e61,,[orden INS-000006] retirar ONT ONT-ABC-001
b06e4d90-110b-4b27-b8fe-1b6bb841a620,,egreso,,,1,1,2025-10-03 13:36:13.38727+00,,,,,2025-10-03 13:36:13.38727+00,bdf0d98a-f0ee-4f42-a761-11be1a352e61,,,[orden INS-000006] asignar ONT ONT-ABC-001
aa0ab77d-5ad9-42bc-835b-6345103817c3,,ingreso,,,1,1,2025-10-03 02:57:41.509746+00,,,,,2025-10-03 02:57:41.509746+00,,bdf0d98a-f0ee-4f42-a761-11be1a352e61,,[orden INS-000007] retirar ONT ONT-ABC-001
4173740c-9069-4403-bdba-e0a454efee30,,egreso,,,1,1,2025-10-03 02:57:41.284058+00,,,,,2025-10-03 02:57:41.284058+00,bdf0d98a-f0ee-4f42-a761-11be1a352e61,,,[orden INS-000007] asignar ONT ONT-ABC-001
14c73bc6-f921-4d49-b588-8d7c83fb4039,,ingreso,,,1,1,2025-10-03 02:56:34.537726+00,,,,,2025-10-03 02:56:34.537726+00,,bdf0d98a-f0ee-4f42-a761-11be1a352e61,,[orden INS-000008] retirar ONT ONT-ABC-001
8ee7a92d-f58a-4caf-9a4e-db1556882e61,,egreso,,,1,1,2025-10-03 02:56:34.248342+00,,,,,2025-10-03 02:56:34.248342+00,bdf0d98a-f0ee-4f42-a761-11be1a352e61,,,[orden INS-000008] asignar ONT ONT-ABC-001
e3fd4008-9bf3-4d8e-b1ef-5f5e458429a3,,ingreso,,,1,1,2025-10-03 02:55:33.749851+00,,,,,2025-10-03 02:55:33.749851+00,,bdf0d98a-f0ee-4f42-a761-11be1a352e61,,[orden INS-000009] retirar ONT ONT-ABC-001
f2fc6f80-ba1e-4cde-9f8a-96eb46524080,,egreso,,,1,1,2025-10-03 02:46:13.998499+00,,,,,2025-10-03 02:46:13.998499+00,bdf0d98a-f0ee-4f42-a761-11be1a352e61,,,[orden INS-000009] asignar ONT ONT-ABC-001
e409256d-0eaf-4805-b194-3e15e8d355b0,,ingreso,,,1,1,2025-10-03 02:41:32.812242+00,,,,,2025-10-03 02:41:32.812242+00,,bdf0d98a-f0ee-4f42-a761-11be1a352e61,,[setup] preload TEC-6 ONT
e277686a-17fc-4a5c-a505-69369a639416,,ajuste,,bdf0d98a-f0ee-4f42-a761-11be1a352e61,3,1,2025-10-03 00:58:41.69247+00,,,,,2025-10-03 00:58:41.69247+00,,,,
2f924835-6446-405e-9322-97f8c60ee4bd,,ingreso,,bdf0d98a-f0ee-4f42-a761-11be1a352e61,3,2,2025-10-03 00:58:41.69247+00,,,,,2025-10-03 00:58:41.69247+00,,,,
9293cfc1-a548-49f8-b872-fdcd00648cfa,,ajuste,,bdf0d98a-f0ee-4f42-a761-11be1a352e61,3,1,2025-10-03 00:58:02.82509+00,,,,,2025-10-03 00:58:02.82509+00,,,,
9ebe0c29-f223-48c0-8d95-a9a70d9d7c41,,ingreso,,bdf0d98a-f0ee-4f42-a761-11be1a352e61,3,2,2025-10-03 00:58:02.82509+00,,,,,2025-10-03 00:58:02.82509+00,,,,
cd23fbc0-45c8-481d-8310-a7fac385295f,,ajuste,,bdf0d98a-f0ee-4f42-a761-11be1a352e61,3,1,2025-10-03 00:56:57.760467+00,,,,,2025-10-03 00:56:57.760467+00,,,,
dad08efb-bbdd-40b8-873b-7fc3a4050aa6,,ingreso,,bdf0d98a-f0ee-4f42-a761-11be1a352e61,3,2,2025-10-03 00:56:57.760467+00,,,,,2025-10-03 00:56:57.760467+00,,,,
4fc380e9-93f6-482a-8416-6acb426883b2,,egreso,,,1,2,2025-10-02 22:16:59.220803+00,,,,,2025-10-02 22:16:59.220803+00,bdf0d98a-f0ee-4f42-a761-11be1a352e61,,,[ajuste] e2e set=2
47664c9a-ccb2-4f8d-afe9-bf9447b9dcf3,,egreso,,,1,3,2025-10-02 22:16:59.204306+00,,,,,2025-10-02 22:16:59.204306+00,bdf0d98a-f0ee-4f42-a761-11be1a352e61,,,e2e egreso
911f2794-a4af-47ce-9bdb-dcc17c1a4175,,ingreso,,,1,5,2025-10-02 22:16:59.177137+00,,,,,2025-10-02 22:16:59.177137+00,,bdf0d98a-f0ee-4f42-a761-11be1a352e61,,e2e ingreso
c02c5b44-e4d7-4b8f-a67e-5530082c7a3a,,egreso,,,1,2,2025-10-02 22:14:40.043297+00,,,,,2025-10-02 22:14:40.043297+00,bdf0d98a-f0ee-4f42-a761-11be1a352e61,,,[ajuste] e2e set=2
05edba83-3274-43cb-821c-d818021c9e4b,,egreso,,,1,3,2025-10-02 22:14:40.02372+00,,,,,2025-10-02 22:14:40.02372+00,bdf0d98a-f0ee-4f42-a761-11be1a352e61,,,e2e egreso
b7265a6f-0090-498d-8944-18d8133cabbb,,ingreso,,,1,5,2025-10-02 22:14:39.995196+00,,,,,2025-10-02 22:14:39.995196+00,,bdf0d98a-f0ee-4f42-a761-11be1a352e61,,e2e ingreso
fde1a91b-1117-421d-94c6-ca24cfddab0b,,ingreso,,,3,2,2025-10-02 20:08:42.358278+00,,,,,2025-10-02 20:08:42.358278+00,,bdf0d98a-f0ee-4f42-a761-11be1a352e61,,smoke ingreso +2
0421ecc9-0634-4c46-83c3-79350f38c1ab,,ingreso,,,3,1,2025-10-02 20:08:41.916359+00,,,,,2025-10-02 20:08:41.916359+00,,bdf0d98a-f0ee-4f42-a761-11be1a352e61,,smoke ingreso +1
d4a432e9-d9d5-4b1b-b271-c3838d7a8eea,,ingreso,,,3,2,2025-10-02 20:08:28.931322+00,,,,,2025-10-02 20:08:28.931322+00,,bdf0d98a-f0ee-4f42-a761-11be1a352e61,,smoke ingreso +2
b09e2606-6d04-402f-9825-f14b25845eb4,,ingreso,,,3,1,2025-10-02 20:08:28.478424+00,,,,,2025-10-02 20:08:28.478424+00,,bdf0d98a-f0ee-4f42-a761-11be1a352e61,,smoke ingreso +1
a9c58028-5b7a-4bb8-b9a7-b28cdbe1d1ee,,ingreso,,bdf0d98a-f0ee-4f42-a761-11be1a352e61,3,2,2025-10-02 20:07:06.40436+00,,,,,2025-10-02 20:07:06.40436+00,,,,
d9085479-0cdd-4c15-bf9f-3365ed369703,,ajuste,,bdf0d98a-f0ee-4f42-a761-11be1a352e61,3,1,2025-10-02 20:07:06.40436+00,,,,,2025-10-02 20:07:06.40436+00,,,,
3e1d17bc-1d2e-4083-8922-66d180062b1c,,egreso,,,3,1,2025-10-02 20:07:05.787299+00,,,,,2025-10-02 20:07:05.787299+00,bdf0d98a-f0ee-4f42-a761-11be1a352e61,,,
b8c6e395-75fc-4610-ab7c-a6e67f5f9494,,ingreso,,,3,1,2025-10-02 20:07:05.664109+00,,,,,2025-10-02 20:07:05.664109+00,,bdf0d98a-f0ee-4f42-a761-11be1a352e61,,
2d32eff0-6f80-4c13-bb59-4b076b549022,,ajuste,,bdf0d98a-f0ee-4f42-a761-11be1a352e61,3,1,2025-10-02 20:04:21.2693+00,,,,,2025-10-02 20:04:21.2693+00,,,,
4409552d-2d09-4b8e-b377-c9f9f5364180,,ingreso,,bdf0d98a-f0ee-4f42-a761-11be1a352e61,3,2,2025-10-02 20:04:21.2693+00,,,,,2025-10-02 20:04:21.2693+00,,,,
a4c1c6d8-65d4-40a1-b310-383de7b8c462,,egreso,,,3,1,2025-10-02 20:04:20.716744+00,,,,,2025-10-02 20:04:20.716744+00,bdf0d98a-f0ee-4f42-a761-11be1a352e61,,,
85df7dea-660e-4744-8a3c-0fa2897d25e6,,ingreso,,,3,1,2025-10-02 20:04:20.588869+00,,,,,2025-10-02 20:04:20.588869+00,,bdf0d98a-f0ee-4f42-a761-11be1a352e61,,
1fd43943-ff07-4d23-a567-da30368194c8,,egreso,,,1,2,2025-10-02 19:31:53.651218+00,,,,,2025-10-02 19:31:53.651218+00,bdf0d98a-f0ee-4f42-a761-11be1a352e61,,,[ajuste] ajuste set=2 con key
1124dad2-63f7-474b-9561-dab4ab30de85,,egreso,,,1,3,2025-10-02 19:31:53.600221+00,,,,,2025-10-02 19:31:53.600221+00,bdf0d98a-f0ee-4f42-a761-11be1a352e61,,,egreso con key
09cfb9e0-fa7d-4460-9761-68d3f2fbe64b,,ingreso,,,1,5,2025-10-02 19:31:53.558251+00,,,,,2025-10-02 19:31:53.558251+00,,bdf0d98a-f0ee-4f42-a761-11be1a352e61,,ingreso con key
de3799d5-2e5a-4d96-8a4c-73bec3293ae6,,egreso,,,1,3,2025-10-02 18:13:37.010586+00,,,,,2025-10-02 18:13:37.010586+00,bdf0d98a-f0ee-4f42-a761-11be1a352e61,,,[ajuste] smoke set=2
142db621-4e66-484b-802a-6fe93a589440,,egreso,,,1,3,2025-10-02 18:13:36.965062+00,,,,,2025-10-02 18:13:36.965062+00,bdf0d98a-f0ee-4f42-a761-11be1a352e61,,,smoke egreso
00f202b4-d5cc-4f28-a72d-6bf495ac5a2b,,ingreso,,,1,5,2025-10-02 18:13:36.920377+00,,,,,2025-10-02 18:13:36.920377+00,,bdf0d98a-f0ee-4f42-a761-11be1a352e61,,smoke ingreso
325bc34a-0430-4afd-9d62-74db48e85cea,,ingreso,,,1,1,2025-10-02 17:44:55.957775+00,,,,,2025-10-02 17:44:55.957775+00,,bdf0d98a-f0ee-4f42-a761-11be1a352e61,,probe
74326ce0-b32b-492e-847c-e71aef5e85b6,,egreso,,,1,2,2025-10-02 17:41:17.990995+00,,,,,2025-10-02 17:41:17.990995+00,bdf0d98a-f0ee-4f42-a761-11be1a352e61,,,[ajuste] e2e set=2
36313858-e96e-4657-8782-64e3bea71922,,egreso,,,1,3,2025-10-02 17:41:17.971643+00,,,,,2025-10-02 17:41:17.971643+00,bdf0d98a-f0ee-4f42-a761-11be1a352e61,,,e2e egreso
2993375e-cb46-4263-902e-237a01bea7da,,ingreso,,,1,5,2025-10-02 17:41:17.946665+00,,,,,2025-10-02 17:41:17.946665+00,,bdf0d98a-f0ee-4f42-a761-11be1a352e61,,e2e ingreso
40d6421d-c3ea-48f9-a755-03cad8f3bafa,,egreso,,,1,2,2025-10-02 17:39:50.845873+00,,,,,2025-10-02 17:39:50.845873+00,bdf0d98a-f0ee-4f42-a761-11be1a352e61,,,[ajuste] e2e set=2
f2eeb38d-2b6d-41ed-8d31-ce0df4e3f57f,,egreso,,,1,3,2025-10-02 17:39:50.82694+00,,,,,2025-10-02 17:39:50.82694+00,bdf0d98a-f0ee-4f42-a761-11be1a352e61,,,e2e egreso
9231d3f6-900a-4bd7-8346-38beb36bc8c2,,ingreso,,,1,5,2025-10-02 17:39:50.797887+00,,,,,2025-10-02 17:39:50.797887+00,,bdf0d98a-f0ee-4f42-a761-11be1a352e61,,e2e ingreso
4e7f8927-52a2-4722-8630-0c9e26452e3c,,egreso,,,1,2,2025-10-02 17:37:33.490346+00,,,,,2025-10-02 17:37:33.490346+00,bdf0d98a-f0ee-4f42-a761-11be1a352e61,,,[ajuste] e2e set=2
459d43ff-01b2-4d26-87cb-e80be6a05d0f,,egreso,,,1,3,2025-10-02 17:37:33.474942+00,,,,,2025-10-02 17:37:33.474942+00,bdf0d98a-f0ee-4f42-a761-11be1a352e61,,,e2e egreso
3104b539-7923-4d36-8575-2f691d636b8d,,ingreso,,,1,5,2025-10-02 17:37:33.44858+00,,,,,2025-10-02 17:37:33.44858+00,,bdf0d98a-f0ee-4f42-a761-11be1a352e61,,e2e ingreso
7deabbf1-891d-4df2-aaea-6c402d692e83,,egreso,,,1,2,2025-10-02 17:01:40.217145+00,,,,,2025-10-02 17:01:40.217145+00,bdf0d98a-f0ee-4f42-a761-11be1a352e61,,,[ajuste] ajuste set 2
fb704706-edb4-4db6-a6ad-187b037fa7e9,,egreso,,,1,3,2025-10-02 17:01:40.173822+00,,,,,2025-10-02 17:01:40.173822+00,bdf0d98a-f0ee-4f42-a761-11be1a352e61,,,test egreso
bd2735dd-e3f2-45ac-a6bf-6f15ed472159,,ingreso,,,1,5,2025-10-02 17:01:40.141944+00,,,,,2025-10-02 17:01:40.141944+00,,bdf0d98a-f0ee-4f42-a761-11be1a352e61,,test ingreso
80ef69e3-4e28-4630-a859-0ccd1df167bc,,egreso,,,1,6,2025-10-02 16:58:06.381501+00,,,,,2025-10-02 16:58:06.381501+00,bdf0d98a-f0ee-4f42-a761-11be1a352e61,,,[ajuste] ajuste set 2
da726592-0a0a-4aec-917e-e79bad2fe963,,egreso,,,1,3,2025-10-02 16:58:06.340587+00,,,,,2025-10-02 16:58:06.340587+00,bdf0d98a-f0ee-4f42-a761-11be1a352e61,,,test egreso
095c5d82-7b16-43ad-98a3-f15fdc398099,,ingreso,,,1,5,2025-10-02 16:58:06.292607+00,,,,,2025-10-02 16:58:06.292607+00,,bdf0d98a-f0ee-4f42-a761-11be1a352e61,,test ingreso
93a5e6b9-a456-4002-a1b0-c3dc1f5d7af8,,ajuste,,,1,2,2025-10-02 16:50:28.049612+00,,,,,2025-10-02 16:50:28.049612+00,,bdf0d98a-f0ee-4f42-a761-11be1a352e61,,set 2
2d63de59-c953-467b-b512-35969b274a82,,egreso,,,1,3,2025-10-02 16:50:28.047519+00,,,,,2025-10-02 16:50:28.047519+00,bdf0d98a-f0ee-4f42-a761-11be1a352e61,,,test
e91cc71f-e26c-4afb-bfb9-d456b9516249,,ingreso,,,1,5,2025-10-02 16:50:28.040464+00,,,,,2025-10-02 16:50:28.040464+00,,bdf0d98a-f0ee-4f42-a761-11be1a352e61,,test
8e647307-8017-4eea-854a-92dba636a03f,,egreso,,,1,4,2025-10-02 16:48:30.908347+00,,,,,2025-10-02 16:48:30.908347+00,bdf0d98a-f0ee-4f42-a761-11be1a352e61,,,[ajuste] ajuste set 2
22f14a80-27cf-4812-8b02-48b78fa8208f,,egreso,,,1,3,2025-10-02 16:48:30.864338+00,,,,,2025-10-02 16:48:30.864338+00,bdf0d98a-f0ee-4f42-a761-11be1a352e61,,,test egreso
dacca179-a3ab-45a0-bf95-77d158ab4dee,,ingreso,,,1,5,2025-10-02 16:48:30.829553+00,,,,,2025-10-02 16:48:30.829553+00,,bdf0d98a-f0ee-4f42-a761-11be1a352e61,,test ingreso
f35b5b1a-55fb-4c68-9fca-8d26ea1bc398,,ajuste,,,1,2,2025-10-02 16:48:21.845033+00,,,,,2025-10-02 16:48:21.845033+00,,bdf0d98a-f0ee-4f42-a761-11be1a352e61,,set=2
33d3cdae-a668-4119-b7b1-9ced1504725e,,egreso,,,1,3,2025-10-02 16:48:21.629585+00,,,,,2025-10-02 16:48:21.629585+00,bdf0d98a-f0ee-4f42-a761-11be1a352e61,,,probe
ff1c89f1-2021-4847-86f2-0f06007b4f78,,ingreso,,,1,5,2025-10-02 16:48:21.412162+00,,,,,2025-10-02 16:48:21.412162+00,,bdf0d98a-f0ee-4f42-a761-11be1a352e61,,probe
ecac8c1b-951e-4658-ab90-4b236c1cf27c,,traslado,,,3,1,2025-10-02 00:40:37.372347+00,,,,,2025-10-02 00:40:37.372347+00,bdf0d98a-f0ee-4f42-a761-11be1a352e61,a1f107e4-2184-4d88-aa04-39d31aa0c02d,,smoke auto devolución
5b2c51df-4e34-42d8-9031-9385ba750613,,traslado,,,3,1,2025-10-02 00:40:37.301049+00,,,,,2025-10-02 00:40:37.301049+00,a1f107e4-2184-4d88-aa04-39d31aa0c02d,bdf0d98a-f0ee-4f42-a761-11be1a352e61,,smoke auto traslado
54b2fc93-d98d-4a0a-8242-f9dfcdea3ce3,,egreso,beb7a8f6-28a2-4ad2-b121-5619580ba82d,,1,1,2025-10-02 00:40:35.625968+00,,,,,2025-10-02 00:40:35.625968+00,,,,
43fd9a67-7aa1-42be-ad58-2524084f5e7b,,ajuste,,bdf0d98a-f0ee-4f42-a761-11be1a352e61,3,1,2025-10-02 00:40:31.001953+00,,,,,2025-10-02 00:40:31.001953+00,,,,
0ddb366a-46eb-4c3e-bf18-3ed47cef2040,,ingreso,,bdf0d98a-f0ee-4f42-a761-11be1a352e61,3,2,2025-10-02 00:40:31.001953+00,,,,,2025-10-02 00:40:31.001953+00,,,,
d68cd006-0b47-4e37-8dbf-7cfa7a95dd8c,,traslado,,,3,1,2025-10-02 00:32:01.624927+00,,,,,2025-10-02 00:32:01.624927+00,bdf0d98a-f0ee-4f42-a761-11be1a352e61,a1f107e4-2184-4d88-aa04-39d31aa0c02d,,smoke auto devolución
db50100e-bfa6-4178-85e0-fc1c7f0152d1,,traslado,,,3,1,2025-10-02 00:32:01.548029+00,,,,,2025-10-02 00:32:01.548029+00,a1f107e4-2184-4d88-aa04-39d31aa0c02d,bdf0d98a-f0ee-4f42-a761-11be1a352e61,,smoke auto traslado
97d3cd19-8049-415b-b7f3-3b6d1ced00f4,,traslado,,,3,1,2025-10-02 00:21:43.791241+00,,,,,2025-10-02 00:21:43.791241+00,bdf0d98a-f0ee-4f42-a761-11be1a352e61,a1f107e4-2184-4d88-aa04-39d31aa0c02d,,smoke auto devolución
436a4fd1-3a02-475d-bd30-6cb83bed5bed,,traslado,,,3,1,2025-10-02 00:21:43.716873+00,,,,,2025-10-02 00:21:43.716873+00,a1f107e4-2184-4d88-aa04-39d31aa0c02d,bdf0d98a-f0ee-4f42-a761-11be1a352e61,,smoke auto traslado
21704a81-62ab-4e23-a32b-76a0f6ded8c8,,egreso,beb7a8f6-28a2-4ad2-b121-5619580ba82d,,1,1,2025-10-02 00:21:41.79747+00,,,,,2025-10-02 00:21:41.79747+00,,,,
197dff04-d467-435e-87f5-5a895f2f59a6,,ingreso,,bdf0d98a-f0ee-4f42-a761-11be1a352e61,3,2,2025-10-02 00:21:37.180064+00,,,,,2025-10-02 00:21:37.180064+00,,,,
6fb94b31-421f-4e6f-aae1-6409da4a4374,,ajuste,,bdf0d98a-f0ee-4f42-a761-11be1a352e61,3,1,2025-10-02 00:21:37.180064+00,,,,,2025-10-02 00:21:37.180064+00,,,,
93a1b995-ebe9-4543-b8f6-7f0a54001870,,traslado,,,3,1,2025-10-02 00:18:39.723595+00,,,,,2025-10-02 00:18:39.723595+00,bdf0d98a-f0ee-4f42-a761-11be1a352e61,a1f107e4-2184-4d88-aa04-39d31aa0c02d,,smoke auto devolución
5d1099e0-1e76-4eef-93f1-1d19ad575e1d,,traslado,,,3,1,2025-10-02 00:18:39.651418+00,,,,,2025-10-02 00:18:39.651418+00,a1f107e4-2184-4d88-aa04-39d31aa0c02d,bdf0d98a-f0ee-4f42-a761-11be1a352e61,,smoke auto traslado
ef470c84-b8f9-425f-803f-19403136390b,,egreso,beb7a8f6-28a2-4ad2-b121-5619580ba82d,,1,1,2025-10-02 00:18:09.486299+00,,,,,2025-10-02 00:18:09.486299+00,,,,
24b15607-0803-44dc-a758-2c66994ac617,,ajuste,,bdf0d98a-f0ee-4f42-a761-11be1a352e61,3,1,2025-10-02 00:18:04.790728+00,,,,,2025-10-02 00:18:04.790728+00,,,,
ff01885e-fe32-4504-844b-01cba5b35062,,ingreso,,bdf0d98a-f0ee-4f42-a761-11be1a352e61,3,2,2025-10-02 00:18:04.790728+00,,,,,2025-10-02 00:18:04.790728+00,,,,
e170b3c7-0394-4da2-b922-550dcf0e1b7b,,traslado,,,3,1,2025-10-02 00:16:42.65515+00,,,,,2025-10-02 00:16:42.65515+00,bdf0d98a-f0ee-4f42-a761-11be1a352e61,a1f107e4-2184-4d88-aa04-39d31aa0c02d,,smoke auto devolución
a3a3a22c-ca3d-44b2-928b-b3c23469472e,,traslado,,,3,1,2025-10-02 00:16:42.579095+00,,,,,2025-10-02 00:16:42.579095+00,a1f107e4-2184-4d88-aa04-39d31aa0c02d,bdf0d98a-f0ee-4f42-a761-11be1a352e61,,smoke auto traslado
c89899a7-357e-4e66-b4f6-aa8aa98ee030,,traslado,,,3,1,2025-10-02 00:03:56.648163+00,,,,,2025-10-02 00:03:56.648163+00,bdf0d98a-f0ee-4f42-a761-11be1a352e61,a1f107e4-2184-4d88-aa04-39d31aa0c02d,,smoke devolución
e5038394-6ddd-49fd-9ce8-cc36c234a80e,,traslado,,,3,1,2025-10-02 00:03:56.636637+00,,,,,2025-10-02 00:03:56.636637+00,a1f107e4-2184-4d88-aa04-39d31aa0c02d,bdf0d98a-f0ee-4f42-a761-11be1a352e61,,smoke traslado
90aeb277-6527-48f6-ae00-b3ebbdffba2a,,traslado,,,3,1,2025-10-02 00:01:46.56459+00,,,,,2025-10-02 00:01:46.56459+00,bdf0d98a-f0ee-4f42-a761-11be1a352e61,a1f107e4-2184-4d88-aa04-39d31aa0c02d,,devolucion tecnico 6
5801ce3a-bdd1-488b-a70d-b837911f6408,,traslado,,,3,1,2025-10-02 00:01:46.553693+00,,,,,2025-10-02 00:01:46.553693+00,a1f107e4-2184-4d88-aa04-39d31aa0c02d,bdf0d98a-f0ee-4f42-a761-11be1a352e61,,traslado a tecnico 6
4e9be4e2-0a2f-45eb-8713-96b8d43f474a,auto-1759237848521-0.48645480853323897,ingreso,,beb7a8f6-28a2-4ad2-b121-5619580ba82d,1,1,2025-09-30 13:10:48.516899+00,,,,,2025-10-01 23:27:56.107409+00,,,,
fd7d1266-be61-4597-bce6-1cc63959419c,,egreso,,,1,1,2025-09-30 13:08:18.118163+00,,,,,2025-10-01 23:27:56.107409+00,,,,
58b330b8-9b9b-4710-8543-fb2007df5fa7,,egreso,beb7a8f6-28a2-4ad2-b121-5619580ba82d,,1,2,2025-09-30 13:08:11.209689+00,,,,,2025-10-01 23:27:56.107409+00,,,,
151ccde9-4296-4568-a662-72d074ebd72c,,egreso,beb7a8f6-28a2-4ad2-b121-5619580ba82d,,1,1,2025-09-30 13:04:38.897301+00,,,,,2025-10-01 23:27:56.107409+00,,,,
3ef7858b-eca1-4272-853f-07ba6a826cab,auto-1759235621805-0.2048412563621278,ingreso,,beb7a8f6-28a2-4ad2-b121-5619580ba82d,1,1,2025-09-30 12:33:41.801083+00,,,,,2025-10-01 23:27:56.107409+00,,,,
04fee375-1441-415d-8e04-ac9d82e6c886,,ingreso,,beb7a8f6-28a2-4ad2-b121-5619580ba82d,1,2,2025-09-30 12:33:34.218039+00,seed extra,seed-tecnico-1-extra,,,2025-10-01 23:27:56.107409+00,,,,
0fc307eb-c4f5-482a-aaa8-d58eee99fde6,,ingreso,,beb7a8f6-28a2-4ad2-b121-5619580ba82d,1,5,2025-09-30 00:43:32.09624+00,carga inicial,seed-tecnico-1,,,2025-10-01 23:27:56.107409+00,,,,
7866507e-ee62-4d87-a2f7-9562bb11e11e,,ingreso,,bdf0d98a-f0ee-4f42-a761-11be1a352e61,1,5,2025-09-30 00:40:18.466512+00,carga inicial manual,,,,2025-10-01 23:27:56.107409+00,,,,
881ca8be-9acb-43ca-9a45-ea8411311bed,,ingreso,,bdf0d98a-f0ee-4f42-a761-11be1a352e61,3,2,2025-09-29 23:34:51.229735+00,,,,,2025-10-01 23:27:56.107409+00,,,,
e74e5c97-eca7-41cf-9688-dc4fc9b84fb8,,ajuste,,bdf0d98a-f0ee-4f42-a761-11be1a352e61,3,1,2025-09-29 23:34:51.229735+00,,,,,2025-10-01 23:27:56.107409+00,,,,
0a9aef33-0474-4825-b71b-a7f4556d46f2,,egreso,beb7a8f6-28a2-4ad2-b121-5619580ba82d,,1,1,2025-10-01 18:21:35.954549+00,,,,,2025-10-01 23:27:56.107409+00,,,,
2d141005-4d11-4c63-a309-d82fa1c15d85,,ajuste,,bdf0d98a-f0ee-4f42-a761-11be1a352e61,3,1,2025-10-01 18:21:32.656028+00,,,,,2025-10-01 23:27:56.107409+00,,,,
76cc7151-ab2e-4c7c-b7f2-007cc0833880,,ingreso,,bdf0d98a-f0ee-4f42-a761-11be1a352e61,3,2,2025-10-01 18:21:32.656028+00,,,,,2025-10-01 23:27:56.107409+00,,,,
aa65a293-f107-4a31-acb7-4946ac0b6624,,egreso,beb7a8f6-28a2-4ad2-b121-5619580ba82d,,1,1,2025-10-01 18:02:45.893594+00,,,,,2025-10-01 23:27:56.107409+00,,,,
09989332-df21-441c-912f-811963edbc04,,ajuste,,bdf0d98a-f0ee-4f42-a761-11be1a352e61,3,1,2025-10-01 18:02:42.750907+00,,,,,2025-10-01 23:27:56.107409+00,,,,
cb69f1ce-b8c6-430f-b83b-8c6b4e0210c4,,ingreso,,bdf0d98a-f0ee-4f42-a761-11be1a352e61,3,2,2025-10-01 18:02:42.750907+00,,,,,2025-10-01 23:27:56.107409+00,,,,
9f54db04-02d8-421f-a626-b24f412a8333,,egreso,beb7a8f6-28a2-4ad2-b121-5619580ba82d,,1,1,2025-10-01 15:49:35.810151+00,,,,,2025-10-01 23:27:56.107409+00,,,,
95b852dd-f05f-4140-ae9f-528bcd9729d8,,ajuste,,bdf0d98a-f0ee-4f42-a761-11be1a352e61,3,1,2025-10-01 15:49:32.874066+00,,,,,2025-10-01 23:27:56.107409+00,,,,
32eeb74a-8792-4b27-89db-44df4a0104ba,,ingreso,,bdf0d98a-f0ee-4f42-a761-11be1a352e61,3,2,2025-10-01 15:49:32.874066+00,,,,,2025-10-01 23:27:56.107409+00,,,,
e7aa8e88-9c6a-423f-bf35-cae3792e9286,,egreso,beb7a8f6-28a2-4ad2-b121-5619580ba82d,,1,1,2025-10-01 14:05:03.321861+00,,,,,2025-10-01 23:27:56.107409+00,,,,
c71d7ebc-4eea-4675-9e33-8446ff53bb13,,ajuste,,bdf0d98a-f0ee-4f42-a761-11be1a352e61,3,1,2025-10-01 14:05:00.51492+00,,,,,2025-10-01 23:27:56.107409+00,,,,
5a49576b-00b8-4f69-873c-5608627f72a7,,ingreso,,bdf0d98a-f0ee-4f42-a761-11be1a352e61,3,2,2025-10-01 14:05:00.51492+00,,,,,2025-10-01 23:27:56.107409+00,,,,
440081e0-fc2a-4b37-a8fc-29c9291d82ed,,egreso,beb7a8f6-28a2-4ad2-b121-5619580ba82d,,1,1,2025-09-30 21:48:31.3994+00,,,,,2025-10-01 23:27:56.107409+00,,,,
1932ecab-9525-463d-8ff0-509ebadd8cf1,,ajuste,,bdf0d98a-f0ee-4f42-a761-11be1a352e61,3,1,2025-09-30 21:48:28.965712+00,,,,,2025-10-01 23:27:56.107409+00,,,,
dcc2ea17-5b04-44fa-a400-ecc21ccb8d67,,ingreso,,bdf0d98a-f0ee-4f42-a761-11be1a352e61,3,2,2025-09-30 21:48:28.965712+00,,,,,2025-10-01 23:27:56.107409+00,,,,
255f891b-9670-414a-bfb1-3f20f23d8088,,egreso,beb7a8f6-28a2-4ad2-b121-5619580ba82d,,1,1,2025-09-30 21:37:43.992913+00,,,,,2025-10-01 23:27:56.107409+00,,,,
3dc18d97-a819-47e8-b822-a3ba3c0afd1d,,ajuste,,bdf0d98a-f0ee-4f42-a761-11be1a352e61,3,1,2025-09-30 21:37:41.680023+00,,,,,2025-10-01 23:27:56.107409+00,,,,
fcaeda97-9723-422d-94e2-b7fcbde0f390,,ingreso,,bdf0d98a-f0ee-4f42-a761-11be1a352e61,3,2,2025-09-30 21:37:41.680023+00,,,,,2025-10-01 23:27:56.107409+00,,,,
e594fbd6-ab09-453f-993b-ff135af76f44,,ajuste,,bdf0d98a-f0ee-4f42-a761-11be1a352e61,3,1,2025-09-30 21:22:15.844876+00,,,,,2025-10-01 23:27:56.107409+00,,,,
a5901eb5-9617-4393-ad9f-69f27ba16b8f,,ingreso,,bdf0d98a-f0ee-4f42-a761-11be1a352e61,3,2,2025-09-30 21:22:15.844876+00,,,,,2025-10-01 23:27:56.107409+00,,,,
a0dab3fe-366c-44d3-806b-c0222f17f87d,,egreso,beb7a8f6-28a2-4ad2-b121-5619580ba82d,,1,1,2025-09-30 20:51:17.49492+00,,,,,2025-10-01 23:27:56.107409+00,,,,
cb91d388-9c5d-4d58-8506-1f7ef96ecf1b,,ajuste,,bdf0d98a-f0ee-4f42-a761-11be1a352e61,3,1,2025-09-30 20:51:16.085689+00,,,,,2025-10-01 23:27:56.107409+00,,,,
6e980995-f1ff-4b1a-a576-3cfff1dea802,,ingreso,,bdf0d98a-f0ee-4f42-a761-11be1a352e61,3,2,2025-09-30 20:51:16.085689+00,,,,,2025-10-01 23:27:56.107409+00,,,,
835826cb-9072-41a5-a2bf-7c70684782ff,,egreso,beb7a8f6-28a2-4ad2-b121-5619580ba82d,,1,1,2025-09-30 20:48:14.869581+00,,,,,2025-10-01 23:27:56.107409+00,,,,
2e28b7f0-f6ad-4a31-8313-fda34f331d6a,,ajuste,,bdf0d98a-f0ee-4f42-a761-11be1a352e61,3,1,2025-09-30 20:48:13.592593+00,,,,,2025-10-01 23:27:56.107409+00,,,,
d06c61a8-5a73-4564-aad1-288e386cd071,,ingreso,,bdf0d98a-f0ee-4f42-a761-11be1a352e61,3,2,2025-09-30 20:48:13.592593+00,,,,,2025-10-01 23:27:56.107409+00,,,,
788b8274-916c-426f-b426-56a2293ef595,,egreso,beb7a8f6-28a2-4ad2-b121-5619580ba82d,,1,1,2025-09-30 20:21:24.320833+00,,,,,2025-10-01 23:27:56.107409+00,,,,
013647d4-3bc3-4b86-975f-62a52bf7366f,,ajuste,,bdf0d98a-f0ee-4f42-a761-11be1a352e61,3,1,2025-09-30 20:21:22.823685+00,,,,,2025-10-01 23:27:56.107409+00,,,,
ea7d3b94-c337-42d8-84cb-30498fcbd339,,ingreso,,bdf0d98a-f0ee-4f42-a761-11be1a352e61,3,2,2025-09-30 20:21:22.823685+00,,,,,2025-10-01 23:27:56.107409+00,,,,
83dbf68e-b9a8-46c3-8e49-3a9a927bbf34,auto-1759263681991-0.045727210724717304,ingreso,,bdf0d98a-f0ee-4f42-a761-11be1a352e61,3,1,2025-09-30 20:21:21.9865+00,,,,,2025-10-01 23:27:56.107409+00,,,,
e4d22d1b-dbd5-4a8b-9786-c576e6781045,,egreso,beb7a8f6-28a2-4ad2-b121-5619580ba82d,,1,1,2025-09-30 20:05:55.398264+00,,,,,2025-10-01 23:27:56.107409+00,,,,
7399ada7-c906-48c5-a24e-778af3102fc7,,ajuste,,bdf0d98a-f0ee-4f42-a761-11be1a352e61,3,1,2025-09-30 20:05:53.937629+00,,,,,2025-10-01 23:27:56.107409+00,,,,
43773822-7a9d-4c54-8946-b40ec86536ba,,ingreso,,bdf0d98a-f0ee-4f42-a761-11be1a352e61,3,2,2025-09-30 20:05:53.937629+00,,,,,2025-10-01 23:27:56.107409+00,,,,
4a9d9f8a-7a02-4fa9-94e9-81eece57db9c,auto-1759262753067-0.13653223739796072,ingreso,,bdf0d98a-f0ee-4f42-a761-11be1a352e61,3,1,2025-09-30 20:05:53.060311+00,,,,,2025-10-01 23:27:56.107409+00,,,,
63d4c8df-bc6f-4c52-9407-9619f9d12b04,,egreso,beb7a8f6-28a2-4ad2-b121-5619580ba82d,,1,1,2025-09-30 17:07:37.720783+00,,,,,2025-10-01 23:27:56.107409+00,,,,
32befa77-2ca7-43e4-9847-bf529bb89101,,ajuste,,bdf0d98a-f0ee-4f42-a761-11be1a352e61,3,1,2025-09-30 17:07:35.992261+00,,,,,2025-10-01 23:27:56.107409+00,,,,
c790f353-5a19-4b6c-a7b5-5691eefbc08b,,ingreso,,bdf0d98a-f0ee-4f42-a761-11be1a352e61,3,2,2025-09-30 17:07:35.992261+00,,,,,2025-10-01 23:27:56.107409+00,,,,
c6d79fdf-8766-49c0-b956-20637c1a75f0,auto-1759252055125-0.48386905948725945,ingreso,,bdf0d98a-f0ee-4f42-a761-11be1a352e61,3,1,2025-09-30 17:07:35.120775+00,,,,,2025-10-01 23:27:56.107409+00,,,,
6f4dcebc-ee74-4529-a11d-b6b378333560,,egreso,beb7a8f6-28a2-4ad2-b121-5619580ba82d,,1,1,2025-09-30 17:00:24.589213+00,,,,,2025-10-01 23:27:56.107409+00,,,,
d29ba48c-3f81-4e68-bbff-853c3b2e5e22,,ajuste,,bdf0d98a-f0ee-4f42-a761-11be1a352e61,3,1,2025-09-30 17:00:23.204529+00,,,,,2025-10-01 23:27:56.107409+00,,,,
1dcc47f5-8738-4016-8b5f-67773fb0097c,,ingreso,,bdf0d98a-f0ee-4f42-a761-11be1a352e61,3,2,2025-09-30 17:00:23.204529+00,,,,,2025-10-01 23:27:56.107409+00,,,,
ff38e79c-fa6f-45f3-8678-37886400dcef,auto-1759251622347-0.676742869630772,ingreso,,bdf0d98a-f0ee-4f42-a761-11be1a352e61,3,1,2025-09-30 17:00:22.343064+00,,,,,2025-10-01 23:27:56.107409+00,,,,
0abe6a56-35de-44e5-adba-e7f6f7acbfdf,,egreso,beb7a8f6-28a2-4ad2-b121-5619580ba82d,,1,1,2025-09-30 16:38:53.85993+00,,,,,2025-10-01 23:27:56.107409+00,,,,
4a82232c-21b8-4a74-9457-78687ef67b67,,ajuste,,bdf0d98a-f0ee-4f42-a761-11be1a352e61,3,1,2025-09-30 16:38:52.324676+00,,,,,2025-10-01 23:27:56.107409+00,,,,
38ffd27b-973c-44b4-9e87-83db9748162a,,ingreso,,bdf0d98a-f0ee-4f42-a761-11be1a352e61,3,2,2025-09-30 16:38:52.324676+00,,,,,2025-10-01 23:27:56.107409+00,,,,
b4721f10-5d46-4276-ae00-3280308e0448,auto-1759250331498-0.04644978088303664,ingreso,,bdf0d98a-f0ee-4f42-a761-11be1a352e61,3,1,2025-09-30 16:38:51.493904+00,,,,,2025-10-01 23:27:56.107409+00,,,,
ff07074a-5330-4a9c-b973-29d7500f1a8e,,egreso,beb7a8f6-28a2-4ad2-b121-5619580ba82d,,1,1,2025-09-30 16:32:39.221392+00,,,,,2025-10-01 23:27:56.107409+00,,,,
e36c81bb-b93e-4719-85fd-74426222b33b,,ajuste,,bdf0d98a-f0ee-4f42-a761-11be1a352e61,3,1,2025-09-30 16:26:51.888891+00,,,,,2025-10-01 23:27:56.107409+00,,,,
745ee944-c9a8-4099-bd7b-14ef810a5223,,ingreso,,bdf0d98a-f0ee-4f42-a761-11be1a352e61,3,2,2025-09-30 16:26:51.888891+00,,,,,2025-10-01 23:27:56.107409+00,,,,
26f3f679-530b-4040-80de-5e07571709a6,auto-1759249611001-0.0027756055534706725,ingreso,,bdf0d98a-f0ee-4f42-a761-11be1a352e61,3,1,2025-09-30 16:26:50.9971+00,,,,,2025-10-01 23:27:56.107409+00,,,,
bd1208ea-ea4f-4fba-b242-4272b4f7b695,1759246228195271657,egreso,beb7a8f6-28a2-4ad2-b121-5619580ba82d,,1,1,2025-09-30 15:30:28.250596+00,smoke,,,,2025-10-01 23:27:56.107409+00,,,,
9b1e60c9-8d8e-43c1-9b53-d98970d2fdd6,,ajuste,,bdf0d98a-f0ee-4f42-a761-11be1a352e61,3,1,2025-09-30 15:26:38.733132+00,,,,,2025-10-01 23:27:56.107409+00,,,,
dec2d104-3311-4254-90ac-c436741dbb5b,,ingreso,,bdf0d98a-f0ee-4f42-a761-11be1a352e61,3,2,2025-09-30 15:26:38.733132+00,,,,,2025-10-01 23:27:56.107409+00,,,,
75398ab6-2cfd-4d51-af30-d067400c472d,auto-1759245985366-0.045769007555630736,ingreso,,bdf0d98a-f0ee-4f42-a761-11be1a352e61,3,1,2025-09-30 15:26:25.361697+00,,,,,2025-10-01 23:27:56.107409+00,,,,
9194a66f-b215-4e7a-8ae6-02615c0c1068,1759240250503377138,egreso,beb7a8f6-28a2-4ad2-b121-5619580ba82d,,1,1,2025-09-30 13:50:50.579917+00,prueba post-trigger,,,,2025-10-01 23:27:56.107409+00,,,,
813ba685-ab05-49eb-b2e0-942ac897b248,1759238577204254734,egreso,beb7a8f6-28a2-4ad2-b121-5619580ba82d,,1,1,2025-09-30 13:22:57.290782+00,prueba trigger,,,,2025-10-01 23:27:56.107409+00,,,,
0c0d4878-dfb1-4c2c-bfd1-9efc87236dd8,1759238080984192532,egreso,beb7a8f6-28a2-4ad2-b121-5619580ba82d,,1,1,2025-09-30 13:14:41.055989+00,ajuste prueba,,,,2025-10-01 23:27:56.107409+00,,,,
