id,orden_id,tipo,tecnico_id,at,meta,payload,created_at,cierre_token
f85e8c83-1910-4aaa-a284-7af95e287526,68eddf51-0770-4d6b-b449-383972479e40,iniciar,c1f2dd81-8f1c-477c-b7cd-580dd13916d3,2025-09-24 23:53:15.650818+00,{},"{""codigo"": ""TEC-AUD-250924185117"", ""estado"": ""cerrada"", ""fuente"": ""backfill""}",2025-09-24 23:51:17.55305+00,
92818407-07bc-4f2d-8d12-b3f28751670c,68eddf51-0770-4d6b-b449-383972479e40,cerrar,c1f2dd81-8f1c-477c-b7cd-580dd13916d3,2025-09-24 23:53:15.657889+00,{},"{""codigo"": ""TEC-AUD-250924185117"", ""estado"": ""cerrada"", ""fuente"": ""backfill"", ""cierre_token"": null}",2025-09-24 23:51:17.596036+00,
09bf7910-0706-4c1b-a158-023c172f1d0a,2f4985ae-1f2e-4539-b5c0-39787b8c1d00,cerrar,,2025-09-22 19:54:47.723887+00,"{""fuente"": ""backfill""}","{""fuente"": ""backfill""}",2025-09-22 19:54:47.723887+00,
a4c0e63f-4d3c-4523-a532-4f3f5c22745c,c83413b2-2dee-44d3-9d3c-db14ba2e51b3,cerrar,,2025-09-22 20:24:00.840246+00,"{""fuente"": ""backfill""}","{""fuente"": ""backfill""}",2025-09-22 20:24:00.840246+00,
73b93fba-d809-447f-a5ef-4a96dbcf15f2,a307ed63-b463-4fe5-9c2e-d863721bb684,cerrar,,2025-09-22 20:24:00.864382+00,"{""fuente"": ""backfill""}","{""fuente"": ""backfill""}",2025-09-22 20:24:00.864382+00,
5a6e17b4-7506-49a0-9af1-187fef10b832,37cd98db-accd-462d-88a6-9561d2e30055,cerrar,,2025-09-22 20:26:51.799769+00,"{""fuente"": ""backfill""}","{""fuente"": ""backfill""}",2025-09-22 20:26:51.799769+00,
fe625951-67ad-44c3-9a5b-d3d19a87e85f,9a151fb6-fddd-478d-968f-76087f108bc0,cerrar,,2025-09-22 20:26:51.820687+00,"{""fuente"": ""backfill""}","{""fuente"": ""backfill""}",2025-09-22 20:26:51.820687+00,
3bdfa906-165c-4477-97bd-5c3ea0862c12,edc4f291-5dfe-469c-bab8-de1cd4ee3a05,cerrar,,2025-09-24 19:08:39.887404+00,"{""fuente"": ""backfill""}","{""fuente"": ""backfill""}",2025-09-24 19:08:39.887404+00,
c740a714-2c8d-4b25-ba3d-07551e1ac00c,1623cbef-6b85-4e75-8045-e552b06bb2fd,cerrar,,2025-09-24 19:08:40.239637+00,"{""fuente"": ""backfill""}","{""fuente"": ""backfill""}",2025-09-24 19:08:40.239637+00,
f86cee06-7f51-4fb0-93db-e4da6b5286ba,994d3a3b-1537-437a-aecc-1127150f8013,cerrar,,2025-09-24 19:09:13.238605+00,"{""fuente"": ""backfill""}","{""fuente"": ""backfill""}",2025-09-24 19:09:13.238605+00,
f599353f-bc19-4df1-83c3-73a87c695293,0f6a0aac-ac51-4db4-a789-2a2a66b70c76,cerrar,,2025-09-24 19:13:27.151173+00,"{""fuente"": ""backfill""}","{""fuente"": ""backfill""}",2025-09-24 19:13:27.151173+00,
84432ea6-8c60-46d7-82f9-11a2dffbb926,06615d83-f200-4b27-b2da-08ea18b2d9c4,cerrar,,2025-09-24 19:13:27.492929+00,"{""fuente"": ""backfill""}","{""fuente"": ""backfill""}",2025-09-24 19:13:27.492929+00,
2e99b696-ebd3-438c-b3fe-f54d4f0c2298,51819613-0e5c-49fa-ab90-eccc3be42630,cerrar,,2025-09-24 19:33:29.767219+00,"{""fuente"": ""backfill""}","{""fuente"": ""backfill""}",2025-09-24 19:33:29.767219+00,
ebf5d649-536b-412c-a9b6-7af729c87914,be05d63f-efef-48e6-b95d-48986ca83676,cerrar,,2025-09-24 19:38:49.496697+00,"{""fuente"": ""backfill""}","{""fuente"": ""backfill""}",2025-09-24 19:38:49.496697+00,
dac8df62-d645-412f-8aa4-b019e930ba1b,104aeea8-9d42-4fd5-a2fc-5c857d3256d9,cerrar,,2025-09-24 19:40:31.501693+00,"{""fuente"": ""backfill""}","{""fuente"": ""backfill""}",2025-09-24 19:40:31.501693+00,
38eef871-fce8-4af9-bf81-5a52266440fb,44e7e26e-00bf-47de-9815-28d8e8f8f2da,cerrar,,2025-09-24 19:54:09.781191+00,"{""fuente"": ""backfill""}","{""fuente"": ""backfill""}",2025-09-24 19:54:09.781191+00,
6545c27e-4bce-4e14-8524-362009061d93,04058753-8212-405c-9bea-ecd33244297b,iniciar,c1f2dd81-8f1c-477c-b7cd-580dd13916d3,2025-09-24 20:05:44.515115+00,"{""fuente"": ""backfill""}","{""fuente"": ""backfill""}",2025-09-24 20:05:44.515115+00,
a86694c3-781d-4916-b0b8-fef62e9651ea,438a1a9c-e263-4954-8d10-4b06621aa308,iniciar,c1f2dd81-8f1c-477c-b7cd-580dd13916d3,2025-09-23 14:50:51.805466+00,"{""fuente"": ""backfill""}","{""fuente"": ""backfill""}",2025-09-23 14:50:51.805466+00,
54e61454-4a92-4be2-9189-03813b52e5a7,3d4de651-9082-4d6c-b834-c6e58aa3b275,iniciar,c1f2dd81-8f1c-477c-b7cd-580dd13916d3,2025-09-22 21:13:47.096242+00,"{""fuente"": ""backfill""}","{""fuente"": ""backfill""}",2025-09-22 21:13:47.096242+00,
20d1fb24-69de-4013-b8b7-56cddbf350b1,515a2450-aef4-486e-8b28-c8c13336e532,iniciar,c1f2dd81-8f1c-477c-b7cd-580dd13916d3,2025-09-22 20:46:28.851411+00,"{""fuente"": ""backfill""}","{""fuente"": ""backfill""}",2025-09-22 20:46:28.851411+00,
377418a3-ba62-410d-ad36-114717317ab4,30e006a1-ee23-4756-a16f-676c7685accd,iniciar,c1f2dd81-8f1c-477c-b7cd-580dd13916d3,2025-09-22 21:40:06.486891+00,"{""fuente"": ""backfill""}","{""fuente"": ""backfill""}",2025-09-22 21:40:06.486891+00,
e2982e16-0009-43a4-b613-fa63876abfb8,540b05b2-2658-4ba9-a035-889754c1364c,iniciar,c1f2dd81-8f1c-477c-b7cd-580dd13916d3,2025-09-22 21:45:15.782235+00,"{""fuente"": ""backfill""}","{""fuente"": ""backfill""}",2025-09-22 21:45:15.782235+00,
e83eaca7-3378-42d6-99d0-bebb83848bc8,48e099fb-e490-4587-8792-2d8b71b24d4a,iniciar,c1f2dd81-8f1c-477c-b7cd-580dd13916d3,2025-09-22 21:49:06.375865+00,"{""fuente"": ""backfill""}","{""fuente"": ""backfill""}",2025-09-22 21:49:06.375865+00,
0580ebb7-6f6f-442f-900d-05bc8b067571,780a2d6f-49a0-4f32-b706-1ee4129d0ed5,iniciar,c1f2dd81-8f1c-477c-b7cd-580dd13916d3,2025-09-23 22:48:17.059398+00,"{""fuente"": ""backfill""}","{""fuente"": ""backfill""}",2025-09-23 22:48:17.059398+00,
88f29527-fdad-428c-84f1-ba15d31e73d8,0895963f-2f75-4110-b23e-2d1fb1609669,iniciar,c1f2dd81-8f1c-477c-b7cd-580dd13916d3,2025-09-23 22:51:32.131191+00,"{""fuente"": ""backfill""}","{""fuente"": ""backfill""}",2025-09-23 22:51:32.131191+00,
36b90ba9-04b5-42a2-93ff-28445b619317,3dbb0e7a-a89a-47a3-a80a-2cfc44ab25ce,iniciar,c1f2dd81-8f1c-477c-b7cd-580dd13916d3,2025-09-23 22:58:35.214246+00,"{""fuente"": ""backfill""}","{""fuente"": ""backfill""}",2025-09-23 22:58:35.214246+00,
dca7256a-a53e-47c1-b512-8b7e422a93fc,31540579-55c3-46c0-821f-c26f0f45b2f0,iniciar,c1f2dd81-8f1c-477c-b7cd-580dd13916d3,2025-09-23 23:04:54.917825+00,"{""fuente"": ""backfill""}","{""fuente"": ""backfill""}",2025-09-23 23:04:54.917825+00,
f8e67309-30d8-4a4e-abda-3ae8289447ad,425882e8-ff40-4c9e-978b-f19a76af3df8,iniciar,c1f2dd81-8f1c-477c-b7cd-580dd13916d3,2025-09-23 23:23:46.655325+00,"{""fuente"": ""backfill""}","{""fuente"": ""backfill""}",2025-09-23 23:23:46.655325+00,
99f2d9ba-6001-40ce-b6cb-96c671e9f8b2,3ba51f97-928c-47a1-bbe3-8344efea5dc4,iniciar,c1f2dd81-8f1c-477c-b7cd-580dd13916d3,2025-09-23 23:31:14.14624+00,"{""fuente"": ""backfill""}","{""fuente"": ""backfill""}",2025-09-23 23:31:14.14624+00,
d985e51f-f4b9-4392-9d91-4f235fe669bd,63839196-5166-4edc-ab73-f2fd1701fa37,iniciar,c1f2dd81-8f1c-477c-b7cd-580dd13916d3,2025-09-24 20:05:44.600498+00,"{""fuente"": ""backfill""}","{""fuente"": ""backfill""}",2025-09-24 20:05:44.600498+00,
29c17f1c-897f-426d-b4ca-f8d0d81ce32f,f2b754b5-bad7-483e-af0b-f6fca87e59b2,iniciar,c1f2dd81-8f1c-477c-b7cd-580dd13916d3,2025-09-24 20:08:54.078276+00,"{""fuente"": ""backfill""}","{""fuente"": ""backfill""}",2025-09-24 20:08:54.078276+00,
aecffc6a-26fe-4faf-8747-8951ae304892,b6221bac-36eb-41c7-b3cd-7d843e5d6c61,iniciar,c1f2dd81-8f1c-477c-b7cd-580dd13916d3,2025-09-24 20:08:54.163011+00,"{""fuente"": ""backfill""}","{""fuente"": ""backfill""}",2025-09-24 20:08:54.163011+00,
33ab0f9f-7bac-4c76-88d4-57c40c72ad78,e683b235-0165-4435-b7e8-355bc69cf990,iniciar,c1f2dd81-8f1c-477c-b7cd-580dd13916d3,2025-09-24 19:40:31.864031+00,"{""fuente"": ""backfill""}","{""fuente"": ""backfill""}",2025-09-24 19:40:31.864031+00,
5bdee621-8adc-4640-98dd-fa1f68a4474d,8696ed5d-f9b7-4ed8-bcf4-c536aefb7d93,iniciar,c1f2dd81-8f1c-477c-b7cd-580dd13916d3,2025-09-24 19:40:32.122664+00,"{""fuente"": ""backfill""}","{""fuente"": ""backfill""}",2025-09-24 19:40:32.122664+00,
b52e5d84-764e-42b8-9458-79ba0f95f0ed,2b9975af-ca74-47fd-90da-25d667d7d53b,iniciar,c1f2dd81-8f1c-477c-b7cd-580dd13916d3,2025-09-24 20:13:08.780142+00,"{""fuente"": ""backfill""}","{""fuente"": ""backfill""}",2025-09-24 20:13:08.780142+00,
2003ccd0-4b87-4fa2-bf8a-df4d34d80ff1,92432928-edba-40b9-b071-b0b5813444c5,iniciar,c1f2dd81-8f1c-477c-b7cd-580dd13916d3,2025-09-24 20:13:08.862622+00,"{""fuente"": ""backfill""}","{""fuente"": ""backfill""}",2025-09-24 20:13:08.862622+00,
63967ffe-18a5-4345-86c6-068b6773881f,4867c94e-d34b-4e90-bbf1-ca2435deaf3c,iniciar,c1f2dd81-8f1c-477c-b7cd-580dd13916d3,2025-09-24 19:54:10.147995+00,"{""fuente"": ""backfill""}","{""fuente"": ""backfill""}",2025-09-24 19:54:10.147995+00,
06268ffd-7eee-4204-8cad-d8f6a524d8e3,64a6300c-cdb0-4a80-ad7b-b65c9ad89171,iniciar,c1f2dd81-8f1c-477c-b7cd-580dd13916d3,2025-09-24 19:54:10.242252+00,"{""fuente"": ""backfill""}","{""fuente"": ""backfill""}",2025-09-24 19:54:10.242252+00,
e13b9763-492b-47ab-8973-d36248f7d788,caac6262-25fd-4ad4-b984-81726b4680df,iniciar,c1f2dd81-8f1c-477c-b7cd-580dd13916d3,2025-09-24 20:16:46.591768+00,"{""fuente"": ""backfill""}","{""fuente"": ""backfill""}",2025-09-24 20:16:46.591768+00,
56da6ef9-0a60-4ace-8a08-55c6a9eae577,1f0f0d48-c9fa-4786-b059-bd3ef216d373,iniciar,c1f2dd81-8f1c-477c-b7cd-580dd13916d3,2025-09-24 20:16:46.676291+00,"{""fuente"": ""backfill""}","{""fuente"": ""backfill""}",2025-09-24 20:16:46.676291+00,
2094cddb-d630-4983-9d02-ce80409f3ecd,64e7ea7a-23e8-4782-ba37-d6af63d79c1e,iniciar,c1f2dd81-8f1c-477c-b7cd-580dd13916d3,2025-09-24 20:19:47.717553+00,"{""fuente"": ""backfill""}","{""fuente"": ""backfill""}",2025-09-24 20:19:47.717553+00,
85209161-f5d6-4645-8258-170ce9ca377b,44833598-604a-46b2-8541-87adbbad69d1,iniciar,c1f2dd81-8f1c-477c-b7cd-580dd13916d3,2025-09-24 20:19:47.807713+00,"{""fuente"": ""backfill""}","{""fuente"": ""backfill""}",2025-09-24 20:19:47.807713+00,
52e846db-9e44-439c-bd12-461bf119dfa1,34eaa0c5-c88c-4381-8ded-dc6d329e5492,iniciar,c1f2dd81-8f1c-477c-b7cd-580dd13916d3,2025-09-24 21:42:50.143489+00,"{""fuente"": ""backfill""}","{""fuente"": ""backfill""}",2025-09-24 21:42:50.143489+00,
2da9ee33-b81b-4cce-8c22-6355bdc8c67d,09df66a8-6d5a-4875-8ae7-f41bda6db617,iniciar,c1f2dd81-8f1c-477c-b7cd-580dd13916d3,2025-09-24 21:42:50.23544+00,"{""fuente"": ""backfill""}","{""fuente"": ""backfill""}",2025-09-24 21:42:50.23544+00,
578edf8c-28a6-493b-a258-0ea5f65e585c,b8e03575-72e8-4026-b4bd-d258c36d07e4,iniciar,c1f2dd81-8f1c-477c-b7cd-580dd13916d3,2025-09-24 21:44:24.685052+00,"{""fuente"": ""backfill""}","{""fuente"": ""backfill""}",2025-09-24 21:44:24.685052+00,
fd3c4272-612f-4490-bb41-b131426bd36d,45716bff-9c19-4e56-8b10-6bfb3e687f1c,iniciar,c1f2dd81-8f1c-477c-b7cd-580dd13916d3,2025-09-24 21:44:24.772415+00,"{""fuente"": ""backfill""}","{""fuente"": ""backfill""}",2025-09-24 21:44:24.772415+00,
b51982e1-e680-4543-a83f-ed91424e09db,b113b9da-3097-4dd1-87b3-2a7de4089dac,iniciar,c1f2dd81-8f1c-477c-b7cd-580dd13916d3,2025-09-24 21:52:33.13956+00,"{""fuente"": ""backfill""}","{""fuente"": ""backfill""}",2025-09-24 21:52:33.13956+00,
af520a4f-23ce-4dd4-8fb9-972532666b10,cedb3c9b-cb78-4941-a9f8-36a408858a05,iniciar,c1f2dd81-8f1c-477c-b7cd-580dd13916d3,2025-09-24 21:52:33.185715+00,"{""fuente"": ""backfill""}","{""fuente"": ""backfill""}",2025-09-24 21:52:33.185715+00,
d94b5664-68cb-4921-af4c-a24964eb6fb3,318be448-2e24-4f6e-b4cd-4a524ad76c79,iniciar,c1f2dd81-8f1c-477c-b7cd-580dd13916d3,2025-09-24 22:03:13.578444+00,"{""fuente"": ""backfill""}","{""fuente"": ""backfill""}",2025-09-24 22:03:13.578444+00,
ac10d4a8-d69a-4e61-b727-ae5a52063c39,6d938c3c-7cae-4510-ba1b-2168c3ab437d,iniciar,c1f2dd81-8f1c-477c-b7cd-580dd13916d3,2025-09-24 22:03:13.664517+00,"{""fuente"": ""backfill""}","{""fuente"": ""backfill""}",2025-09-24 22:03:13.664517+00,
0ef1cc3e-829a-4aae-b498-9f9fb6568338,255544e9-23ea-41a6-9b1e-07f1a5f31d45,iniciar,c1f2dd81-8f1c-477c-b7cd-580dd13916d3,2025-09-24 22:03:29.495294+00,"{""fuente"": ""backfill""}","{""fuente"": ""backfill""}",2025-09-24 22:03:29.495294+00,
3a801795-ab02-4cdb-a5e7-abc34b8b65f9,c4fe82d6-0836-421a-8196-fad1bb8e6470,iniciar,c1f2dd81-8f1c-477c-b7cd-580dd13916d3,2025-09-24 23:12:03.939735+00,"{""fuente"": ""backfill""}","{""fuente"": ""backfill""}",2025-09-24 23:12:03.939735+00,
41aeee15-4bfa-4768-9c0f-99e44e84ba42,2b4ebbeb-7058-4a2c-9abe-322113e59f2b,iniciar,c1f2dd81-8f1c-477c-b7cd-580dd13916d3,2025-09-24 23:23:39.250045+00,"{""fuente"": ""backfill""}","{""fuente"": ""backfill""}",2025-09-24 23:23:39.250045+00,
e3ebb759-bb70-4262-a3e5-8dd5e68b9bc1,8cd894de-269f-421e-a06d-43c35b7c5eeb,iniciar,c1f2dd81-8f1c-477c-b7cd-580dd13916d3,2025-09-24 23:31:31.403841+00,"{""fuente"": ""backfill""}","{""fuente"": ""backfill""}",2025-09-24 23:31:31.403841+00,
789c7b9a-f61c-42a0-8cf7-933a5375897b,61768f8a-0b2a-400a-858e-48e920970f71,iniciar,c1f2dd81-8f1c-477c-b7cd-580dd13916d3,2025-09-24 23:33:16.982828+00,"{""fuente"": ""backfill""}","{""fuente"": ""backfill""}",2025-09-24 23:33:16.982828+00,
3cd539ee-7ee8-4261-803b-4da63f19bc9b,d86d4274-0267-4df6-b704-577361a8a7a3,cerrar,c1f2dd81-8f1c-477c-b7cd-580dd13916d3,2025-09-22 19:10:36.596679+00,"{""fuente"": ""backfill""}","{""fuente"": ""backfill""}",2025-09-22 19:10:36.596679+00,
56bde3b6-6014-4a15-98b4-1480466ab520,07074742-4f9f-49a5-894b-c3ef6f192d00,cerrar,c1f2dd81-8f1c-477c-b7cd-580dd13916d3,2025-09-22 19:21:02.562681+00,"{""fuente"": ""backfill""}","{""fuente"": ""backfill""}",2025-09-22 19:21:02.562681+00,
b714224e-ce84-4fec-a985-68de2ae8a74b,6e4068b3-386a-413f-9299-c5a43c2e9f7f,cerrar,c1f2dd81-8f1c-477c-b7cd-580dd13916d3,2025-09-22 19:21:41.480149+00,"{""fuente"": ""backfill""}","{""fuente"": ""backfill""}",2025-09-22 19:21:41.480149+00,
53f331f7-76e1-4362-8dab-c6db160d1935,cba15e54-8dde-4ba5-ab7c-f3cb2b0b60bb,cerrar,c1f2dd81-8f1c-477c-b7cd-580dd13916d3,2025-09-22 19:21:41.91489+00,"{""fuente"": ""backfill""}","{""fuente"": ""backfill""}",2025-09-22 19:21:41.91489+00,
b1dea465-31ae-4a14-a2da-e56bdaf5e196,3d4de651-9082-4d6c-b834-c6e58aa3b275,cerrar,c1f2dd81-8f1c-477c-b7cd-580dd13916d3,2025-09-22 21:13:47.128124+00,"{""fuente"": ""backfill""}","{""fuente"": ""backfill""}",2025-09-22 21:13:47.128124+00,
c873ff4f-9699-40b7-af93-228c00ff18b8,515a2450-aef4-486e-8b28-c8c13336e532,cerrar,c1f2dd81-8f1c-477c-b7cd-580dd13916d3,2025-09-22 20:52:35.685198+00,"{""fuente"": ""backfill""}","{""fuente"": ""backfill""}",2025-09-22 20:52:35.685198+00,
61a131fc-5bf3-4746-96be-30a6a7740d5a,30e006a1-ee23-4756-a16f-676c7685accd,cerrar,c1f2dd81-8f1c-477c-b7cd-580dd13916d3,2025-09-22 21:40:06.546859+00,"{""fuente"": ""backfill""}","{""fuente"": ""backfill""}",2025-09-22 21:40:06.546859+00,
a60b10ea-88da-4d0a-a108-9fe1060dbfbf,540b05b2-2658-4ba9-a035-889754c1364c,cerrar,c1f2dd81-8f1c-477c-b7cd-580dd13916d3,2025-09-22 21:45:15.814546+00,"{""fuente"": ""backfill""}","{""fuente"": ""backfill""}",2025-09-22 21:45:15.814546+00,
3f243e94-d442-41db-985b-89c347ca2df9,48e099fb-e490-4587-8792-2d8b71b24d4a,cerrar,c1f2dd81-8f1c-477c-b7cd-580dd13916d3,2025-09-22 21:49:06.413054+00,"{""fuente"": ""backfill""}","{""fuente"": ""backfill""}",2025-09-22 21:49:06.413054+00,
5a4f9e9e-8217-464f-a49e-a665e0854d28,31540579-55c3-46c0-821f-c26f0f45b2f0,cerrar,c1f2dd81-8f1c-477c-b7cd-580dd13916d3,2025-09-23 23:04:55.046668+00,"{""fuente"": ""backfill""}","{""fuente"": ""backfill""}",2025-09-23 23:04:55.046668+00,
8231871e-81e9-4987-afd7-45fa37af2895,425882e8-ff40-4c9e-978b-f19a76af3df8,cerrar,c1f2dd81-8f1c-477c-b7cd-580dd13916d3,2025-09-23 23:23:46.78348+00,"{""fuente"": ""backfill""}","{""fuente"": ""backfill""}",2025-09-23 23:23:46.78348+00,
45532395-d4f0-4371-b498-1be94c0eb587,3ba51f97-928c-47a1-bbe3-8344efea5dc4,cerrar,c1f2dd81-8f1c-477c-b7cd-580dd13916d3,2025-09-23 23:31:14.263383+00,"{""fuente"": ""backfill""}","{""fuente"": ""backfill""}",2025-09-23 23:31:14.263383+00,
22724e16-9540-43f1-99ba-ea0f14b6b141,e683b235-0165-4435-b7e8-355bc69cf990,cerrar,c1f2dd81-8f1c-477c-b7cd-580dd13916d3,2025-09-24 19:40:31.9065+00,"{""fuente"": ""backfill""}","{""fuente"": ""backfill""}",2025-09-24 19:40:31.9065+00,
9ee96c28-e6df-442e-956c-ab939f2a45a7,8696ed5d-f9b7-4ed8-bcf4-c536aefb7d93,cerrar,c1f2dd81-8f1c-477c-b7cd-580dd13916d3,2025-09-24 19:40:32.173619+00,"{""fuente"": ""backfill""}","{""fuente"": ""backfill""}",2025-09-24 19:40:32.173619+00,
9e9b1918-5142-4a24-9e12-26c2eb9e38c3,64e7ea7a-23e8-4782-ba37-d6af63d79c1e,cerrar,c1f2dd81-8f1c-477c-b7cd-580dd13916d3,2025-09-24 20:46:25.539222+00,"{""fuente"": ""backfill""}","{""fuente"": ""backfill""}",2025-09-24 20:46:25.539222+00,
d5269bef-d36b-471e-b383-b10919ea3486,44833598-604a-46b2-8541-87adbbad69d1,cerrar,c1f2dd81-8f1c-477c-b7cd-580dd13916d3,2025-09-24 20:46:25.714469+00,"{""fuente"": ""backfill""}","{""fuente"": ""backfill""}",2025-09-24 20:46:25.714469+00,
afd81efd-d543-4938-a3e4-95ea84bcc4a5,8176619e-507c-4773-96b5-714e14cce151,cerrar,,2025-09-22 19:54:47.70344+00,"{""fuente"": ""backfill""}","{""fuente"": ""backfill""}",2025-09-22 19:54:47.70344+00,
d7104f56-7daf-46ca-bbd2-6f75e5568947,34eaa0c5-c88c-4381-8ded-dc6d329e5492,cerrar,c1f2dd81-8f1c-477c-b7cd-580dd13916d3,2025-09-24 21:42:50.192022+00,"{""fuente"": ""backfill""}","{""fuente"": ""backfill""}",2025-09-24 21:42:50.192022+00,
37fbb246-a789-44a7-8af2-c3758835dc2e,09df66a8-6d5a-4875-8ae7-f41bda6db617,cerrar,c1f2dd81-8f1c-477c-b7cd-580dd13916d3,2025-09-24 21:42:50.354928+00,"{""fuente"": ""backfill""}","{""fuente"": ""backfill""}",2025-09-24 21:42:50.354928+00,
16f830e6-ccb2-4923-b865-a14e6ca8d10c,b8e03575-72e8-4026-b4bd-d258c36d07e4,cerrar,c1f2dd81-8f1c-477c-b7cd-580dd13916d3,2025-09-24 21:44:24.728243+00,"{""fuente"": ""backfill""}","{""fuente"": ""backfill""}",2025-09-24 21:44:24.728243+00,
252d0ee7-2470-4e87-8728-45734ae04b54,45716bff-9c19-4e56-8b10-6bfb3e687f1c,cerrar,c1f2dd81-8f1c-477c-b7cd-580dd13916d3,2025-09-24 21:44:24.814693+00,"{""fuente"": ""backfill""}","{""fuente"": ""backfill""}",2025-09-24 21:44:24.814693+00,
a789e3b1-11fe-4ad1-87d6-a0a64d0eb754,b113b9da-3097-4dd1-87b3-2a7de4089dac,cerrar,c1f2dd81-8f1c-477c-b7cd-580dd13916d3,2025-09-24 21:52:33.157158+00,"{""fuente"": ""backfill""}","{""fuente"": ""backfill""}",2025-09-24 21:52:33.157158+00,
83f76b5b-cd87-415d-bb54-6a8cf3217fbb,cedb3c9b-cb78-4941-a9f8-36a408858a05,cerrar,c1f2dd81-8f1c-477c-b7cd-580dd13916d3,2025-09-24 21:52:33.2024+00,"{""fuente"": ""backfill""}","{""fuente"": ""backfill""}",2025-09-24 21:52:33.2024+00,
57fc00c2-6b3d-4f4e-ab3b-ee9923bbcf2b,318be448-2e24-4f6e-b4cd-4a524ad76c79,cerrar,c1f2dd81-8f1c-477c-b7cd-580dd13916d3,2025-09-24 22:03:13.620578+00,"{""fuente"": ""backfill""}","{""fuente"": ""backfill""}",2025-09-24 22:03:13.620578+00,
34fc2e42-6783-42b5-9eaf-608216d07323,6d938c3c-7cae-4510-ba1b-2168c3ab437d,cerrar,c1f2dd81-8f1c-477c-b7cd-580dd13916d3,2025-09-24 22:03:13.704964+00,"{""fuente"": ""backfill""}","{""fuente"": ""backfill""}",2025-09-24 22:03:13.704964+00,
b695d0a1-ed73-4dbb-bbe0-2b6ccf83542a,2b4ebbeb-7058-4a2c-9abe-322113e59f2b,cerrar,c1f2dd81-8f1c-477c-b7cd-580dd13916d3,2025-09-24 23:23:39.275025+00,"{""fuente"": ""backfill""}","{""fuente"": ""backfill""}",2025-09-24 23:23:39.275025+00,
56024dbe-1214-4de9-91e9-0862b20e0db4,8cd894de-269f-421e-a06d-43c35b7c5eeb,cerrar,c1f2dd81-8f1c-477c-b7cd-580dd13916d3,2025-09-24 23:31:31.456518+00,"{""fuente"": ""backfill""}","{""fuente"": ""backfill""}",2025-09-24 23:31:31.456518+00,
9b27a457-25af-4d96-b35b-1930340ce52f,61768f8a-0b2a-400a-858e-48e920970f71,cerrar,c1f2dd81-8f1c-477c-b7cd-580dd13916d3,2025-09-24 23:33:17.023567+00,"{""fuente"": ""backfill""}","{""fuente"": ""backfill""}",2025-09-24 23:33:17.023567+00,
bf2fe0bc-6e38-495b-9f32-90aa40c64ae7,747c32c2-633c-4952-a65c-b33303b6393f,iniciar,c1f2dd81-8f1c-477c-b7cd-580dd13916d3,2025-09-25 00:11:19.016758+00,{},"{""codigo"": ""TEC-VAL-250924191118"", ""estado"": ""en_progreso"", ""fuente"": ""trigger""}",2025-09-25 00:11:19.016758+00,
2138fd13-5cbe-4260-879f-cffdc037ea07,747c32c2-633c-4952-a65c-b33303b6393f,cerrar,c1f2dd81-8f1c-477c-b7cd-580dd13916d3,2025-09-25 00:11:19.038028+00,{},"{""codigo"": ""TEC-VAL-250924191118"", ""estado"": ""cerrada"", ""fuente"": ""trigger"", ""cierre_token"": null}",2025-09-25 00:11:19.038028+00,
8814e586-32e0-43d5-b31c-49ab447c396a,1f115a81-bb11-4e19-9ab1-917d3b905673,iniciar,c1f2dd81-8f1c-477c-b7cd-580dd13916d3,2025-09-25 00:11:38.984761+00,{},"{""codigo"": ""TEC-FIRMA-250924191138"", ""estado"": ""en_progreso"", ""fuente"": ""trigger""}",2025-09-25 00:11:38.984761+00,
10407027-837f-4baa-aa87-b37c6cc68177,1f115a81-bb11-4e19-9ab1-917d3b905673,cerrar,c1f2dd81-8f1c-477c-b7cd-580dd13916d3,2025-09-25 00:11:39.004724+00,{},"{""codigo"": ""TEC-FIRMA-250924191138"", ""estado"": ""cerrada"", ""fuente"": ""trigger"", ""cierre_token"": null}",2025-09-25 00:11:39.004724+00,
fc787cd1-ff94-467e-91cd-ccf6196ad1e4,e8dd5756-34bb-4a32-993a-885e118c1996,iniciar,c1f2dd81-8f1c-477c-b7cd-580dd13916d3,2025-09-25 00:23:24.021011+00,{},"{""codigo"": ""TEC-FIRMA-250924192323"", ""estado"": ""en_progreso"", ""fuente"": ""trigger""}",2025-09-25 00:23:24.021011+00,
9329424b-d4f9-4788-9cae-a5e853a04065,e8dd5756-34bb-4a32-993a-885e118c1996,cerrar,c1f2dd81-8f1c-477c-b7cd-580dd13916d3,2025-09-25 00:23:24.041401+00,{},"{""codigo"": ""TEC-FIRMA-250924192323"", ""estado"": ""cerrada"", ""fuente"": ""trigger"", ""cierre_token"": null}",2025-09-25 00:23:24.041401+00,
9af82040-8e74-411c-b4c9-ff54e0889d59,dbd4f86f-8053-4db8-acaa-9d8f1affb7e6,iniciar,c1f2dd81-8f1c-477c-b7cd-580dd13916d3,2025-09-25 00:30:04.360636+00,{},"{""codigo"": ""TEC-FIRMA-250924193004"", ""estado"": ""en_progreso"", ""fuente"": ""trigger""}",2025-09-25 00:30:04.360636+00,
6ddc8581-eee0-4641-b7c5-fb451585c0bc,dbd4f86f-8053-4db8-acaa-9d8f1affb7e6,cerrar,c1f2dd81-8f1c-477c-b7cd-580dd13916d3,2025-09-25 00:30:04.383276+00,{},"{""codigo"": ""TEC-FIRMA-250924193004"", ""estado"": ""cerrada"", ""fuente"": ""trigger"", ""cierre_token"": null}",2025-09-25 00:30:04.383276+00,
78398d44-840d-442d-aa88-d29c5986ac8c,bef6fbcc-e198-472f-b13e-37348201a72f,iniciar,c1f2dd81-8f1c-477c-b7cd-580dd13916d3,2025-09-25 00:51:55.85403+00,{},"{""codigo"": ""TEC-FIRMA-250924195155"", ""estado"": ""en_progreso"", ""fuente"": ""trigger""}",2025-09-25 00:51:55.85403+00,
52ff46fd-0704-4323-a57b-7fe0d7619e5f,bef6fbcc-e198-472f-b13e-37348201a72f,cerrar,c1f2dd81-8f1c-477c-b7cd-580dd13916d3,2025-09-25 00:51:55.876161+00,{},"{""codigo"": ""TEC-FIRMA-250924195155"", ""estado"": ""cerrada"", ""fuente"": ""trigger"", ""cierre_token"": null}",2025-09-25 00:51:55.876161+00,
02fda2b3-1d87-4e0c-b226-d2b62d7b1ba6,f33e9398-586f-458d-bf70-002640ed394a,iniciar,c1f2dd81-8f1c-477c-b7cd-580dd13916d3,2025-09-25 00:53:38.709708+00,{},"{""codigo"": ""TEC-FIRMA-250924195338"", ""estado"": ""en_progreso"", ""fuente"": ""trigger""}",2025-09-25 00:53:38.709708+00,
2dd041b3-ffca-461f-accd-dccde3a40bce,f33e9398-586f-458d-bf70-002640ed394a,cerrar,c1f2dd81-8f1c-477c-b7cd-580dd13916d3,2025-09-25 00:53:38.730923+00,{},"{""codigo"": ""TEC-FIRMA-250924195338"", ""estado"": ""cerrada"", ""fuente"": ""trigger"", ""cierre_token"": null}",2025-09-25 00:53:38.730923+00,
5984e1f2-b4d3-4393-b6d8-5c2ef9999e84,58bdc42a-8d9a-4b31-8f5d-4dd9c6d81c7f,iniciar,c1f2dd81-8f1c-477c-b7cd-580dd13916d3,2025-09-25 01:07:49.022242+00,{},"{""codigo"": ""TEC-FIRMA-250924200748"", ""estado"": ""en_progreso"", ""fuente"": ""trigger""}",2025-09-25 01:07:49.022242+00,
74335225-c75e-4da7-9d0a-9c2f6305e21f,58bdc42a-8d9a-4b31-8f5d-4dd9c6d81c7f,cerrar,c1f2dd81-8f1c-477c-b7cd-580dd13916d3,2025-09-25 01:07:49.045749+00,{},"{""codigo"": ""TEC-FIRMA-250924200748"", ""estado"": ""cerrada"", ""fuente"": ""trigger"", ""cierre_token"": null}",2025-09-25 01:07:49.045749+00,
deb02a5f-5539-4e53-8a74-5c3c3c6a6424,b5a164b2-d703-4889-a59b-c271e0510c3f,iniciar,c1f2dd81-8f1c-477c-b7cd-580dd13916d3,2025-09-25 23:00:22.320702+00,{},"{""codigo"": ""TEC-E2E-250925180022"", ""estado"": ""en_progreso"", ""fuente"": ""trigger""}",2025-09-25 23:00:22.31+00,
ab063624-ee9b-4528-9362-ca9f236f8bed,b5a164b2-d703-4889-a59b-c271e0510c3f,cerrar,c1f2dd81-8f1c-477c-b7cd-580dd13916d3,2025-09-25 23:00:22.350522+00,{},"{""codigo"": ""TEC-E2E-250925180022"", ""estado"": ""cerrada"", ""fuente"": ""trigger"", ""cierre_token"": null}",2025-09-25 23:00:22.496+00,
0653207d-5aec-4b9a-8f6c-b5ea79567d32,3c242770-babc-480b-8ed9-5c0da041bf0f,iniciar,c1f2dd81-8f1c-477c-b7cd-580dd13916d3,2025-09-25 23:15:23.446155+00,{},"{""codigo"": ""TEC-E2E-250925181523"", ""estado"": ""en_progreso"", ""fuente"": ""trigger""}",2025-09-25 23:15:23.443+00,
e838e951-cae7-4818-bee5-831fe8a14750,3c242770-babc-480b-8ed9-5c0da041bf0f,cerrar,c1f2dd81-8f1c-477c-b7cd-580dd13916d3,2025-09-25 23:15:23.467478+00,{},"{""codigo"": ""TEC-E2E-250925181523"", ""estado"": ""cerrada"", ""fuente"": ""trigger"", ""cierre_token"": null}",2025-09-25 23:15:23.483+00,
0f9f9727-57ad-4b1f-9462-2bcb1099ce3c,c01d1c72-9f4d-49bf-aadb-d2bf214a3615,iniciar,c1f2dd81-8f1c-477c-b7cd-580dd13916d3,2025-09-25 23:34:23.122331+00,{},"{""codigo"": ""TEC-E2E-250925183422"", ""estado"": ""en_progreso"", ""fuente"": ""trigger""}",2025-09-25 23:34:23.111+00,
68e89224-9d47-4f68-b5e0-32bd2cf5e650,c01d1c72-9f4d-49bf-aadb-d2bf214a3615,cerrar,c1f2dd81-8f1c-477c-b7cd-580dd13916d3,2025-09-25 23:34:23.153046+00,{},"{""codigo"": ""TEC-E2E-250925183422"", ""estado"": ""cerrada"", ""fuente"": ""trigger"", ""cierre_token"": null}",2025-09-25 23:34:23.291+00,
68d03ab4-efa5-4a82-a1fe-47e5f5e1f713,d71cf621-02e5-4cea-ab4c-d1af007ebc48,iniciar,c1f2dd81-8f1c-477c-b7cd-580dd13916d3,2025-09-25 23:37:25.497588+00,{},"{""codigo"": ""TEC-E2E-MAN-250925183725"", ""estado"": ""en_progreso"", ""fuente"": ""trigger""}",2025-09-25 23:37:25.494+00,
352a896e-8805-437f-8c8f-c81ceddfd0e7,d71cf621-02e5-4cea-ab4c-d1af007ebc48,cerrar,c1f2dd81-8f1c-477c-b7cd-580dd13916d3,2025-09-25 23:37:25.516547+00,{},"{""codigo"": ""TEC-E2E-MAN-250925183725"", ""estado"": ""cerrada"", ""fuente"": ""trigger"", ""cierre_token"": null}",2025-09-25 23:37:25.531+00,
10d4edcb-c335-486a-baa5-7c7d708ba3c5,ebd4e00d-392f-430b-b6b4-7fd9146c2e25,iniciar,c1f2dd81-8f1c-477c-b7cd-580dd13916d3,2025-09-25 23:37:27.147049+00,{},"{""codigo"": ""TEC-E2E-INS-250925183726"", ""estado"": ""en_progreso"", ""fuente"": ""trigger""}",2025-09-25 23:37:27.143+00,
7370b55c-8614-45ee-b898-cec6ff3238bd,ebd4e00d-392f-430b-b6b4-7fd9146c2e25,cerrar,c1f2dd81-8f1c-477c-b7cd-580dd13916d3,2025-09-25 23:37:27.162436+00,{},"{""codigo"": ""TEC-E2E-INS-250925183726"", ""estado"": ""cerrada"", ""fuente"": ""trigger"", ""cierre_token"": null}",2025-09-25 23:37:27.176+00,
0a077098-f590-420c-81b6-b7d422391e8d,5aecc0af-208a-453f-8964-7d65a56d7c1a,iniciar,c1f2dd81-8f1c-477c-b7cd-580dd13916d3,2025-09-25 23:47:33.693583+00,{},"{""codigo"": ""ORD-C-250925184733"", ""estado"": ""en_progreso"", ""fuente"": ""trigger""}",2025-09-25 23:47:33.69+00,
2ee5ad83-56fc-4e35-ad33-2fa132185d56,5aecc0af-208a-453f-8964-7d65a56d7c1a,cerrar,c1f2dd81-8f1c-477c-b7cd-580dd13916d3,2025-09-25 23:47:33.712669+00,{},"{""codigo"": ""ORD-C-250925184733"", ""estado"": ""cerrada"", ""fuente"": ""trigger"", ""cierre_token"": null}",2025-09-25 23:47:33.727+00,
28e43556-1e84-4f04-ad99-6bd7964f8934,6cae5f19-5e37-442c-a720-238dfe50c256,iniciar,c1f2dd81-8f1c-477c-b7cd-580dd13916d3,2025-09-26 00:11:09.463681+00,{},"{""codigo"": ""ORD-C-250925191109"", ""estado"": ""en_progreso"", ""fuente"": ""trigger""}",2025-09-26 00:11:09.461+00,
8fbda24e-f33e-4abc-b983-a5a043c17b2a,6cae5f19-5e37-442c-a720-238dfe50c256,cerrar,c1f2dd81-8f1c-477c-b7cd-580dd13916d3,2025-09-26 00:11:09.52793+00,{},"{""codigo"": ""ORD-C-250925191109"", ""estado"": ""cerrada"", ""fuente"": ""trigger"", ""cierre_token"": null}",2025-09-26 00:11:09.543+00,
c44e264a-9511-4322-b55f-e174e0969725,e0b82ec8-b807-4b2b-8b2e-c6ed55a4c152,iniciar,c1f2dd81-8f1c-477c-b7cd-580dd13916d3,2025-09-26 00:12:24.663966+00,{},"{""codigo"": ""ORD-C-250925191224"", ""estado"": ""en_progreso"", ""fuente"": ""trigger""}",2025-09-26 00:12:24.661+00,
f7117013-013c-436d-822a-dec81546fc7b,e0b82ec8-b807-4b2b-8b2e-c6ed55a4c152,cerrar,c1f2dd81-8f1c-477c-b7cd-580dd13916d3,2025-09-26 00:12:24.726008+00,{},"{""codigo"": ""ORD-C-250925191224"", ""estado"": ""cerrada"", ""fuente"": ""trigger"", ""cierre_token"": null}",2025-09-26 00:12:24.74+00,
c0196db4-6d0d-4f7a-b697-bdc9e0fb2c76,08cc3cf1-f129-414a-a741-8bf135349201,iniciar,c1f2dd81-8f1c-477c-b7cd-580dd13916d3,2025-09-26 00:20:07.773146+00,{},"{""codigo"": ""TEC-E2E-250925192007"", ""estado"": ""en_progreso"", ""fuente"": ""trigger""}",2025-09-26 00:20:07.768+00,
24ad0b3c-baf7-4ddd-833d-9a0f3a63a844,08cc3cf1-f129-414a-a741-8bf135349201,cerrar,c1f2dd81-8f1c-477c-b7cd-580dd13916d3,2025-09-26 00:20:07.80023+00,{},"{""codigo"": ""TEC-E2E-250925192007"", ""estado"": ""cerrada"", ""fuente"": ""trigger"", ""cierre_token"": null}",2025-09-26 00:20:07.943+00,
080ac92c-a505-409c-a52a-03e286f17bdb,27d4a9ae-0224-43f4-ad32-6be538027b0d,iniciar,c1f2dd81-8f1c-477c-b7cd-580dd13916d3,2025-09-26 00:20:28.57961+00,{},"{""codigo"": ""ORD-C-250925192028"", ""estado"": ""en_progreso"", ""fuente"": ""trigger""}",2025-09-26 00:20:28.576+00,
d90a99f5-9f54-4fa6-9f8d-276ce7a75937,27d4a9ae-0224-43f4-ad32-6be538027b0d,cerrar,c1f2dd81-8f1c-477c-b7cd-580dd13916d3,2025-09-26 00:20:28.597294+00,{},"{""codigo"": ""ORD-C-250925192028"", ""estado"": ""cerrada"", ""fuente"": ""trigger"", ""cierre_token"": null}",2025-09-26 00:20:28.613+00,
de01474f-5b9b-4120-b05e-1aa8b41e6157,6a90ed38-517c-46ba-84b8-fd804afce894,iniciar,c1f2dd81-8f1c-477c-b7cd-580dd13916d3,2025-09-26 00:27:07.485279+00,{},"{""codigo"": ""COR-250925192707"", ""estado"": ""en_progreso"", ""fuente"": ""trigger""}",2025-09-26 00:27:07.482+00,
254853db-4889-49e7-a215-9235e8d1bd3a,6a90ed38-517c-46ba-84b8-fd804afce894,cerrar,c1f2dd81-8f1c-477c-b7cd-580dd13916d3,2025-09-26 00:27:07.508606+00,{},"{""codigo"": ""COR-250925192707"", ""estado"": ""cerrada"", ""fuente"": ""trigger"", ""cierre_token"": null}",2025-09-26 00:27:07.511+00,
d20cd1f6-8016-43be-b151-85549b043e00,43cf4fea-acd8-47a2-b915-368ddd7d4e1c,iniciar,c1f2dd81-8f1c-477c-b7cd-580dd13916d3,2025-09-26 00:27:07.821213+00,{},"{""codigo"": ""MAN-250925192707"", ""estado"": ""en_progreso"", ""fuente"": ""trigger""}",2025-09-26 00:27:07.818+00,
700a90c3-0e25-4218-9722-f6448d6f9df9,43cf4fea-acd8-47a2-b915-368ddd7d4e1c,cerrar,c1f2dd81-8f1c-477c-b7cd-580dd13916d3,2025-09-26 00:27:07.881646+00,{},"{""codigo"": ""MAN-250925192707"", ""estado"": ""cerrada"", ""fuente"": ""trigger"", ""cierre_token"": null}",2025-09-26 00:27:07.895+00,
382987c6-ffbb-4da9-8678-ed56b83f981d,bcd710aa-8d3f-4580-ba15-a8c6838a73f9,iniciar,c1f2dd81-8f1c-477c-b7cd-580dd13916d3,2025-09-26 00:32:35.699254+00,{},"{""codigo"": ""COR-250925193235"", ""estado"": ""en_progreso"", ""fuente"": ""trigger""}",2025-09-26 00:32:35.696+00,
644e765c-4be1-4f36-82d3-a81a744e476c,bcd710aa-8d3f-4580-ba15-a8c6838a73f9,cerrar,c1f2dd81-8f1c-477c-b7cd-580dd13916d3,2025-09-26 00:32:35.719467+00,{},"{""codigo"": ""COR-250925193235"", ""estado"": ""cerrada"", ""fuente"": ""trigger"", ""cierre_token"": null}",2025-09-26 00:32:35.721+00,
b7f45437-7f28-45ef-b08d-fdab58ab3fd6,3f86055c-0f6c-4136-bc9e-fefc6f364eb7,iniciar,c1f2dd81-8f1c-477c-b7cd-580dd13916d3,2025-09-26 00:32:36.067852+00,{},"{""codigo"": ""MAN-250925193235"", ""estado"": ""en_progreso"", ""fuente"": ""trigger""}",2025-09-26 00:32:36.065+00,
b1576559-2711-4784-bb9a-f79566c5a12b,3f86055c-0f6c-4136-bc9e-fefc6f364eb7,cerrar,c1f2dd81-8f1c-477c-b7cd-580dd13916d3,2025-09-26 00:32:36.12735+00,{},"{""codigo"": ""MAN-250925193235"", ""estado"": ""cerrada"", ""fuente"": ""trigger"", ""cierre_token"": null}",2025-09-26 00:32:36.142+00,
d8ba1e85-8ac4-48d3-acbb-b867c56ecf2f,3dfb1a0a-cf91-42b4-8811-efbcadb5a4cf,iniciar,c1f2dd81-8f1c-477c-b7cd-580dd13916d3,2025-09-26 00:44:37.010356+00,{},"{""codigo"": ""MAN-250925194436"", ""estado"": ""en_progreso"", ""fuente"": ""trigger""}",2025-09-26 00:44:37.005+00,
ec047db8-048d-443b-bcf4-bf03af2e49bc,3dfb1a0a-cf91-42b4-8811-efbcadb5a4cf,cerrar,c1f2dd81-8f1c-477c-b7cd-580dd13916d3,2025-09-26 00:44:37.073047+00,{},"{""codigo"": ""MAN-250925194436"", ""estado"": ""cerrada"", ""fuente"": ""trigger"", ""cierre_token"": null}",2025-09-26 00:44:37.075+00,
6b5eb3dc-3c32-4bac-8325-9c643ad70125,ac7881ed-d476-43a2-9ec3-4564d77da561,iniciar,c1f2dd81-8f1c-477c-b7cd-580dd13916d3,2025-09-26 00:47:08.449029+00,{},"{""codigo"": ""MAN-250925194707"", ""estado"": ""en_progreso"", ""fuente"": ""trigger""}",2025-09-26 00:47:08.446+00,
5a9a662e-bfa8-4c62-9136-18801e708b23,ac7881ed-d476-43a2-9ec3-4564d77da561,cerrar,c1f2dd81-8f1c-477c-b7cd-580dd13916d3,2025-09-26 00:47:08.473997+00,{},"{""codigo"": ""MAN-250925194707"", ""estado"": ""cerrada"", ""fuente"": ""trigger"", ""cierre_token"": null}",2025-09-26 00:47:08.489+00,
46c6c9f6-d4de-40ba-b0df-88ca2482695d,bae781a4-de03-48c1-a285-44f5e6ca2089,iniciar,c1f2dd81-8f1c-477c-b7cd-580dd13916d3,2025-09-26 00:50:12.551311+00,{},"{""codigo"": ""MAN-250925195011"", ""estado"": ""en_progreso"", ""fuente"": ""trigger""}",2025-09-26 00:50:12.549+00,
e030cc85-7358-4efc-82a3-3ebcf5a42749,bae781a4-de03-48c1-a285-44f5e6ca2089,cerrar,c1f2dd81-8f1c-477c-b7cd-580dd13916d3,2025-09-26 00:50:12.574715+00,{},"{""codigo"": ""MAN-250925195011"", ""estado"": ""cerrada"", ""fuente"": ""trigger"", ""cierre_token"": null}",2025-09-26 00:50:12.59+00,
5e7bfa80-0f75-4aea-8ea9-d112f668d196,be3a7e90-7ebc-48b9-9552-10be3e8e0b56,iniciar,c1f2dd81-8f1c-477c-b7cd-580dd13916d3,2025-09-26 00:50:14.156751+00,{},"{""codigo"": ""COR-250925195011"", ""estado"": ""en_progreso"", ""fuente"": ""trigger""}",2025-09-26 00:50:14.153+00,
cbd8499d-e2c4-48bb-a823-c347812b429f,be3a7e90-7ebc-48b9-9552-10be3e8e0b56,cerrar,c1f2dd81-8f1c-477c-b7cd-580dd13916d3,2025-09-26 00:50:14.178457+00,{},"{""codigo"": ""COR-250925195011"", ""estado"": ""cerrada"", ""fuente"": ""trigger"", ""cierre_token"": null}",2025-09-26 00:50:14.19+00,
fd026c0d-9e86-4a13-8489-a397d9356055,066fa026-5173-4c8d-be29-57226ec04d4a,iniciar,c1f2dd81-8f1c-477c-b7cd-580dd13916d3,2025-09-26 00:50:14.898704+00,{},"{""codigo"": ""REC-250925195011"", ""estado"": ""en_progreso"", ""fuente"": ""trigger""}",2025-09-26 00:50:14.896+00,
e971913b-07e2-438c-916d-c7041b43ea85,066fa026-5173-4c8d-be29-57226ec04d4a,cerrar,c1f2dd81-8f1c-477c-b7cd-580dd13916d3,2025-09-26 00:50:14.919849+00,{},"{""codigo"": ""REC-250925195011"", ""estado"": ""cerrada"", ""fuente"": ""trigger"", ""cierre_token"": null}",2025-09-26 00:50:14.932+00,
23cfcc9a-0351-423e-8a7f-0ed196af4618,e7550caa-2fd9-4ab5-a62d-d271af645a5e,iniciar,c1f2dd81-8f1c-477c-b7cd-580dd13916d3,2025-09-26 00:53:41.448139+00,{},"{""codigo"": ""MAN-250925195340"", ""estado"": ""en_progreso"", ""fuente"": ""trigger""}",2025-09-26 00:53:41.445+00,
e22d9601-ab68-4b0e-960a-5ad32b64b562,e7550caa-2fd9-4ab5-a62d-d271af645a5e,cerrar,c1f2dd81-8f1c-477c-b7cd-580dd13916d3,2025-09-26 00:53:41.471383+00,{},"{""codigo"": ""MAN-250925195340"", ""estado"": ""cerrada"", ""fuente"": ""trigger"", ""cierre_token"": null}",2025-09-26 00:53:41.485+00,
a420426c-c4b3-45ad-9e0e-1752389b9e5f,4c9efa0b-205e-4fc2-b939-61efd1d49dc5,iniciar,c1f2dd81-8f1c-477c-b7cd-580dd13916d3,2025-09-26 00:53:43.305036+00,{},"{""codigo"": ""COR-250925195340"", ""estado"": ""en_progreso"", ""fuente"": ""trigger""}",2025-09-26 00:53:43.303+00,
3576f142-6486-4815-b250-e7667280e569,4c9efa0b-205e-4fc2-b939-61efd1d49dc5,cerrar,c1f2dd81-8f1c-477c-b7cd-580dd13916d3,2025-09-26 00:53:43.32623+00,{},"{""codigo"": ""COR-250925195340"", ""estado"": ""cerrada"", ""fuente"": ""trigger"", ""cierre_token"": null}",2025-09-26 00:53:43.336+00,
00d8121a-ccac-440c-8860-7ef7e1b53809,605053f8-545c-4cbc-a9e8-f6d809af92c8,iniciar,c1f2dd81-8f1c-477c-b7cd-580dd13916d3,2025-09-26 00:53:44.106018+00,{},"{""codigo"": ""REC-250925195340"", ""estado"": ""en_progreso"", ""fuente"": ""trigger""}",2025-09-26 00:53:44.104+00,
96d89dc0-d43e-4152-8921-dbb1493208f4,605053f8-545c-4cbc-a9e8-f6d809af92c8,cerrar,c1f2dd81-8f1c-477c-b7cd-580dd13916d3,2025-09-26 00:53:44.126121+00,{},"{""codigo"": ""REC-250925195340"", ""estado"": ""cerrada"", ""fuente"": ""trigger"", ""cierre_token"": null}",2025-09-26 00:53:44.136+00,
5b9dcdca-198b-4084-b2a0-d904676e41a8,8daaf623-c057-474d-9b88-96b129a3e402,iniciar,c1f2dd81-8f1c-477c-b7cd-580dd13916d3,2025-09-26 01:07:24.215825+00,{},"{""codigo"": ""MAN-250925200723"", ""estado"": ""en_progreso"", ""fuente"": ""trigger""}",2025-09-26 01:07:24.213+00,
16d22f4f-7467-4376-8f6d-2ae6f72590ea,1c3829cc-5455-44f1-abf7-77404009e210,iniciar,c1f2dd81-8f1c-477c-b7cd-580dd13916d3,2025-09-26 01:07:49.472734+00,{},"{""codigo"": ""MAN-250925200749"", ""estado"": ""en_progreso"", ""fuente"": ""trigger""}",2025-09-26 01:07:49.47+00,
c084c6a2-a72d-4f76-b492-80863dd8254a,bba89bb3-6e23-4bb9-b0e0-daa0c4ac2123,iniciar,c1f2dd81-8f1c-477c-b7cd-580dd13916d3,2025-09-26 01:16:08.730583+00,{},"{""codigo"": ""MAN-250925201608"", ""estado"": ""en_progreso"", ""fuente"": ""trigger""}",2025-09-26 01:16:08.721+00,
09a65b8a-2015-4989-aec4-b6ed858ee1aa,62e7ffa0-1741-40ce-bb5e-7892440432dc,iniciar,c1f2dd81-8f1c-477c-b7cd-580dd13916d3,2025-09-26 01:19:05.764297+00,{},"{""codigo"": ""MAN-250925201905"", ""estado"": ""en_progreso"", ""fuente"": ""trigger""}",2025-09-26 01:19:05.76+00,
54ca0eb7-cdec-4b62-ad70-ad69bd72b4b2,62e7ffa0-1741-40ce-bb5e-7892440432dc,cerrar,c1f2dd81-8f1c-477c-b7cd-580dd13916d3,2025-09-26 01:19:06.035665+00,{},"{""codigo"": ""MAN-250925201905"", ""estado"": ""cerrada"", ""fuente"": ""trigger"", ""cierre_token"": null}",2025-09-26 01:19:06.188+00,
19124a62-8757-4ab7-86bc-f92e80d301b1,d8579088-9354-44a1-b678-b184935f520d,iniciar,c1f2dd81-8f1c-477c-b7cd-580dd13916d3,2025-09-26 01:19:08.297295+00,{},"{""codigo"": ""COR-250925201905"", ""estado"": ""en_progreso"", ""fuente"": ""trigger""}",2025-09-26 01:19:08.294+00,
cfad1806-84e1-49e9-a06d-18ef6faab2e5,d8579088-9354-44a1-b678-b184935f520d,cerrar,c1f2dd81-8f1c-477c-b7cd-580dd13916d3,2025-09-26 01:19:08.316776+00,{},"{""codigo"": ""COR-250925201905"", ""estado"": ""cerrada"", ""fuente"": ""trigger"", ""cierre_token"": null}",2025-09-26 01:19:08.319+00,
12c2538c-7063-48d9-9b43-567ae8d75887,2459096c-b30b-4f8f-9301-4c4b143101bf,iniciar,c1f2dd81-8f1c-477c-b7cd-580dd13916d3,2025-09-26 01:19:08.877263+00,{},"{""codigo"": ""REC-250925201905"", ""estado"": ""en_progreso"", ""fuente"": ""trigger""}",2025-09-26 01:19:08.874+00,
918545cc-f4bf-40e8-8654-95b6f4441d8c,2459096c-b30b-4f8f-9301-4c4b143101bf,cerrar,c1f2dd81-8f1c-477c-b7cd-580dd13916d3,2025-09-26 01:19:08.895973+00,{},"{""codigo"": ""REC-250925201905"", ""estado"": ""cerrada"", ""fuente"": ""trigger"", ""cierre_token"": null}",2025-09-26 01:19:08.898+00,
24493705-c568-4375-a939-f767cbd1d099,6b6145b7-8dbd-49a1-b774-5f053ba516cb,iniciar,c1f2dd81-8f1c-477c-b7cd-580dd13916d3,2025-09-26 01:22:26.730841+00,{},"{""codigo"": ""MAN-250925202226"", ""estado"": ""en_progreso"", ""fuente"": ""trigger""}",2025-09-26 01:22:26.728+00,
5855db38-2583-436e-a1af-c4dad1650286,6b6145b7-8dbd-49a1-b774-5f053ba516cb,cerrar,c1f2dd81-8f1c-477c-b7cd-580dd13916d3,2025-09-26 01:22:27.05965+00,{},"{""codigo"": ""MAN-250925202226"", ""estado"": ""cerrada"", ""fuente"": ""trigger"", ""cierre_token"": null}",2025-09-26 01:22:27.073+00,
0ccddde0-13b9-4c8a-8c6b-755cd5c58867,1074ad19-102a-4d68-b492-e78ad6be38e3,iniciar,c1f2dd81-8f1c-477c-b7cd-580dd13916d3,2025-09-26 01:27:08.485259+00,{},"{""codigo"": ""MAN-250925202708"", ""estado"": ""en_progreso"", ""fuente"": ""trigger""}",2025-09-26 01:27:08.482+00,
149393c8-2982-4f21-b274-812c8049d550,1074ad19-102a-4d68-b492-e78ad6be38e3,cerrar,c1f2dd81-8f1c-477c-b7cd-580dd13916d3,2025-09-26 01:27:08.837079+00,{},"{""codigo"": ""MAN-250925202708"", ""estado"": ""cerrada"", ""fuente"": ""trigger"", ""cierre_token"": null}",2025-09-26 01:27:08.854+00,
682a7aa2-5eaf-401b-a8bb-843f8059ba4a,937cbf16-5b33-4ae1-aa7f-5e9f896eb590,iniciar,c1f2dd81-8f1c-477c-b7cd-580dd13916d3,2025-09-26 01:31:59.866993+00,{},"{""codigo"": ""MAN-250925203159"", ""estado"": ""en_progreso"", ""fuente"": ""trigger""}",2025-09-26 01:31:59.864+00,
a1846c94-8e58-4923-8b5e-a6dcfc0627fb,937cbf16-5b33-4ae1-aa7f-5e9f896eb590,cerrar,c1f2dd81-8f1c-477c-b7cd-580dd13916d3,2025-09-26 01:32:00.12451+00,{},"{""codigo"": ""MAN-250925203159"", ""estado"": ""cerrada"", ""fuente"": ""trigger"", ""cierre_token"": null}",2025-09-26 01:32:00.138+00,
27fed1d9-640a-4d88-8a09-e1de32b20f81,b198fe50-aed6-4c26-8f64-824bdcaa02cc,iniciar,c1f2dd81-8f1c-477c-b7cd-580dd13916d3,2025-09-26 01:37:05.157408+00,{},"{""codigo"": ""MAN-250925203704"", ""estado"": ""en_progreso"", ""fuente"": ""trigger""}",2025-09-26 01:37:05.155+00,
529e1ded-5f56-4a89-abac-65a5f8779d5d,b198fe50-aed6-4c26-8f64-824bdcaa02cc,cerrar,c1f2dd81-8f1c-477c-b7cd-580dd13916d3,2025-09-26 01:37:05.416228+00,{},"{""codigo"": ""MAN-250925203704"", ""estado"": ""cerrada"", ""fuente"": ""trigger"", ""cierre_token"": null}",2025-09-26 01:37:05.43+00,
210d3d75-00a2-41dc-ae86-f1c6445e9b8a,b78378bc-7ebb-417f-9d9d-4fae4f0317d9,iniciar,c1f2dd81-8f1c-477c-b7cd-580dd13916d3,2025-09-26 01:37:07.422137+00,{},"{""codigo"": ""COR-250925203704"", ""estado"": ""en_progreso"", ""fuente"": ""trigger""}",2025-09-26 01:37:07.42+00,
01484b42-c24a-44bc-90a6-e6490c3d512e,b78378bc-7ebb-417f-9d9d-4fae4f0317d9,cerrar,c1f2dd81-8f1c-477c-b7cd-580dd13916d3,2025-09-26 01:37:07.482534+00,{},"{""codigo"": ""COR-250925203704"", ""estado"": ""cerrada"", ""fuente"": ""trigger"", ""cierre_token"": null}",2025-09-26 01:37:07.484+00,
8688f16e-fd34-4ec8-a253-93269a991d38,c77e8ecc-1645-45b8-95de-e1af24ec2fe3,iniciar,c1f2dd81-8f1c-477c-b7cd-580dd13916d3,2025-09-26 01:37:08.202313+00,{},"{""codigo"": ""REC-250925203704"", ""estado"": ""en_progreso"", ""fuente"": ""trigger""}",2025-09-26 01:37:08.2+00,
fd7acfd6-b46d-425a-8a02-389ed68b0389,c77e8ecc-1645-45b8-95de-e1af24ec2fe3,cerrar,c1f2dd81-8f1c-477c-b7cd-580dd13916d3,2025-09-26 01:37:08.261531+00,{},"{""codigo"": ""REC-250925203704"", ""estado"": ""cerrada"", ""fuente"": ""trigger"", ""cierre_token"": null}",2025-09-26 01:37:08.264+00,
c07b3a27-9566-4001-a665-b5f9bcc1e2f5,07febf45-fe69-4123-bb23-1295f7631844,iniciar,c1f2dd81-8f1c-477c-b7cd-580dd13916d3,2025-09-26 01:44:43.180801+00,{},"{""codigo"": ""MAN-250925204442"", ""estado"": ""en_progreso"", ""fuente"": ""trigger""}",2025-09-26 01:44:43.178+00,
953c6ef5-b2df-42cd-828d-6aff3caee638,07febf45-fe69-4123-bb23-1295f7631844,cerrar,c1f2dd81-8f1c-477c-b7cd-580dd13916d3,2025-09-26 01:44:43.245164+00,{},"{""codigo"": ""MAN-250925204442"", ""estado"": ""cerrada"", ""fuente"": ""trigger"", ""cierre_token"": null}",2025-09-26 01:44:43.261+00,
d631b264-a886-4b2c-b139-47c15d9c30bd,94f79806-551e-4fe8-b004-464febdc24ee,iniciar,c1f2dd81-8f1c-477c-b7cd-580dd13916d3,2025-09-26 01:44:45.10267+00,{},"{""codigo"": ""COR-250925204442"", ""estado"": ""en_progreso"", ""fuente"": ""trigger""}",2025-09-26 01:44:45.1+00,
97142490-2299-4621-a538-764b98d120a9,94f79806-551e-4fe8-b004-464febdc24ee,cerrar,c1f2dd81-8f1c-477c-b7cd-580dd13916d3,2025-09-26 01:44:45.163175+00,{},"{""codigo"": ""COR-250925204442"", ""estado"": ""cerrada"", ""fuente"": ""trigger"", ""cierre_token"": null}",2025-09-26 01:44:45.165+00,
669bc335-cc98-4bdb-9ea8-91fe03c5e268,4765d3e1-0ffc-4c34-8869-a101b225f4f6,iniciar,c1f2dd81-8f1c-477c-b7cd-580dd13916d3,2025-09-26 01:44:46.024511+00,{},"{""codigo"": ""REC-250925204442"", ""estado"": ""en_progreso"", ""fuente"": ""trigger""}",2025-09-26 01:44:46.022+00,
34a0e827-2fe7-4cec-a29a-41939f0702e8,4765d3e1-0ffc-4c34-8869-a101b225f4f6,cerrar,c1f2dd81-8f1c-477c-b7cd-580dd13916d3,2025-09-26 01:44:46.086727+00,{},"{""codigo"": ""REC-250925204442"", ""estado"": ""cerrada"", ""fuente"": ""trigger"", ""cierre_token"": null}",2025-09-26 01:44:46.088+00,
58ef42e3-88a1-4563-91bd-ad86c592f7f9,23d23bf2-4dbb-4432-baf0-ce70e6879d91,iniciar,c1f2dd81-8f1c-477c-b7cd-580dd13916d3,2025-09-26 01:45:54.053203+00,{},"{""codigo"": ""COR-250925204553"", ""estado"": ""en_progreso"", ""fuente"": ""trigger""}",2025-09-26 01:45:54.05+00,
dcbeef2e-f3f3-46c0-a095-594bc30aa0cd,23d23bf2-4dbb-4432-baf0-ce70e6879d91,cerrar,c1f2dd81-8f1c-477c-b7cd-580dd13916d3,2025-09-26 01:45:54.076325+00,{},"{""codigo"": ""COR-250925204553"", ""estado"": ""cerrada"", ""fuente"": ""trigger"", ""cierre_token"": null}",2025-09-26 01:45:54.078+00,
8efe1d29-c8aa-4e05-9b5f-305352250b5a,b7a4f76f-9b96-43f6-86e6-558a156bd890,iniciar,c1f2dd81-8f1c-477c-b7cd-580dd13916d3,2025-09-26 01:45:54.401478+00,{},"{""codigo"": ""MAN-250925204553"", ""estado"": ""en_progreso"", ""fuente"": ""trigger""}",2025-09-26 01:45:54.399+00,
51eb0304-6f07-4da6-974c-003c3a98ca9a,b7a4f76f-9b96-43f6-86e6-558a156bd890,cerrar,c1f2dd81-8f1c-477c-b7cd-580dd13916d3,2025-09-26 01:45:54.53156+00,{},"{""codigo"": ""MAN-250925204553"", ""estado"": ""cerrada"", ""fuente"": ""trigger"", ""cierre_token"": null}",2025-09-26 01:45:54.547+00,
505103a5-6c88-456a-8da6-ae2fac47818d,5d0adb0b-1a66-40bc-b23b-086b4800d10f,iniciar,c1f2dd81-8f1c-477c-b7cd-580dd13916d3,2025-09-26 01:45:57.145675+00,{},"{""codigo"": ""MAN-250925204556"", ""estado"": ""en_progreso"", ""fuente"": ""trigger""}",2025-09-26 01:45:57.143+00,
6f3b0b72-6a2d-4c8f-b7ad-967671d4b8a7,5d0adb0b-1a66-40bc-b23b-086b4800d10f,cerrar,c1f2dd81-8f1c-477c-b7cd-580dd13916d3,2025-09-26 01:45:57.205827+00,{},"{""codigo"": ""MAN-250925204556"", ""estado"": ""cerrada"", ""fuente"": ""trigger"", ""cierre_token"": null}",2025-09-26 01:45:57.218+00,
09410aa8-7378-4459-850f-5091610a3c3f,d3f0feda-dfc2-4d25-9d6a-022fd248d982,iniciar,c1f2dd81-8f1c-477c-b7cd-580dd13916d3,2025-09-26 01:45:58.848387+00,{},"{""codigo"": ""COR-250925204556"", ""estado"": ""en_progreso"", ""fuente"": ""trigger""}",2025-09-26 01:45:58.846+00,
62b6b969-0f40-46aa-8e81-52afbce5a486,d3f0feda-dfc2-4d25-9d6a-022fd248d982,cerrar,c1f2dd81-8f1c-477c-b7cd-580dd13916d3,2025-09-26 01:45:58.907004+00,{},"{""codigo"": ""COR-250925204556"", ""estado"": ""cerrada"", ""fuente"": ""trigger"", ""cierre_token"": null}",2025-09-26 01:45:58.909+00,
41cc9406-9625-4ad9-bc85-f9bfdd87807c,11d8b79d-b9ed-43d1-86c3-520d85451d71,iniciar,c1f2dd81-8f1c-477c-b7cd-580dd13916d3,2025-09-26 01:45:59.639253+00,{},"{""codigo"": ""REC-250925204556"", ""estado"": ""en_progreso"", ""fuente"": ""trigger""}",2025-09-26 01:45:59.637+00,
1058f73b-7c5e-4d11-bcee-6e58a32ca6f1,11d8b79d-b9ed-43d1-86c3-520d85451d71,cerrar,c1f2dd81-8f1c-477c-b7cd-580dd13916d3,2025-09-26 01:45:59.700362+00,{},"{""codigo"": ""REC-250925204556"", ""estado"": ""cerrada"", ""fuente"": ""trigger"", ""cierre_token"": null}",2025-09-26 01:45:59.702+00,
94139ebc-8deb-424c-b483-db94a4cd056d,67db9ce0-3930-459a-9c73-eaa7124a4fc4,iniciar,c1f2dd81-8f1c-477c-b7cd-580dd13916d3,2025-09-26 01:50:08.510356+00,{},"{""codigo"": ""MAN-250925205007"", ""estado"": ""en_progreso"", ""fuente"": ""trigger""}",2025-09-26 01:50:08.508+00,
955d0c50-b8f0-4f12-a26b-f67c5a5d2d61,67db9ce0-3930-459a-9c73-eaa7124a4fc4,cerrar,c1f2dd81-8f1c-477c-b7cd-580dd13916d3,2025-09-26 01:50:08.574244+00,{},"{""codigo"": ""MAN-250925205007"", ""estado"": ""cerrada"", ""fuente"": ""trigger"", ""cierre_token"": null}",2025-09-26 01:50:08.588+00,
5627392a-bbf8-479d-b8df-f172bbe3afb5,9cbb63ee-cc26-4850-bd47-a69801c6e9b8,iniciar,c1f2dd81-8f1c-477c-b7cd-580dd13916d3,2025-09-26 01:50:10.222198+00,{},"{""codigo"": ""COR-250925205007"", ""estado"": ""en_progreso"", ""fuente"": ""trigger""}",2025-09-26 01:50:10.219+00,
6d504d17-ab16-4809-b49f-5828ad359fc6,9cbb63ee-cc26-4850-bd47-a69801c6e9b8,cerrar,c1f2dd81-8f1c-477c-b7cd-580dd13916d3,2025-09-26 01:50:10.282544+00,{},"{""codigo"": ""COR-250925205007"", ""estado"": ""cerrada"", ""fuente"": ""trigger"", ""cierre_token"": null}",2025-09-26 01:50:10.284+00,
43baf667-2450-4b79-b73e-5df7bbeda542,4d322895-d550-4fd2-9157-5e50c8a68fd0,iniciar,c1f2dd81-8f1c-477c-b7cd-580dd13916d3,2025-09-26 01:50:11.081486+00,{},"{""codigo"": ""REC-250925205007"", ""estado"": ""en_progreso"", ""fuente"": ""trigger""}",2025-09-26 01:50:11.079+00,
5e262a04-87f7-4346-9687-04d27b881655,4d322895-d550-4fd2-9157-5e50c8a68fd0,cerrar,c1f2dd81-8f1c-477c-b7cd-580dd13916d3,2025-09-26 01:50:11.141725+00,{},"{""codigo"": ""REC-250925205007"", ""estado"": ""cerrada"", ""fuente"": ""trigger"", ""cierre_token"": null}",2025-09-26 01:50:11.143+00,
631eb576-4398-441f-b6aa-620b05df0e9e,e1632c10-06e5-49c2-a9b5-53048b7001ca,iniciar,c1f2dd81-8f1c-477c-b7cd-580dd13916d3,2025-09-26 14:47:30.677041+00,{},"{""codigo"": ""MAN-250926094729"", ""estado"": ""en_progreso"", ""fuente"": ""trigger""}",2025-09-26 14:47:30.674+00,
23dfadf6-d6b0-4928-b2de-d709963f2dc6,e1632c10-06e5-49c2-a9b5-53048b7001ca,cerrar,c1f2dd81-8f1c-477c-b7cd-580dd13916d3,2025-09-26 14:47:30.747301+00,{},"{""codigo"": ""MAN-250926094729"", ""estado"": ""cerrada"", ""fuente"": ""trigger"", ""cierre_token"": null}",2025-09-26 14:47:30.765+00,
7a4174d9-85c9-4503-992b-15a0ca03038f,3d4b1776-123c-4411-92ed-85c9cc33e794,iniciar,c1f2dd81-8f1c-477c-b7cd-580dd13916d3,2025-09-26 14:47:32.655881+00,{},"{""codigo"": ""COR-250926094729"", ""estado"": ""en_progreso"", ""fuente"": ""trigger""}",2025-09-26 14:47:32.653+00,
4894a2c8-7a92-431b-ad0d-2664410659e6,3d4b1776-123c-4411-92ed-85c9cc33e794,cerrar,c1f2dd81-8f1c-477c-b7cd-580dd13916d3,2025-09-26 14:47:32.721287+00,{},"{""codigo"": ""COR-250926094729"", ""estado"": ""cerrada"", ""fuente"": ""trigger"", ""cierre_token"": null}",2025-09-26 14:47:32.723+00,
7ad5664b-531d-4589-8e32-8070304cb8ad,baa4a4e3-a324-4c3e-9beb-6f7072d382aa,iniciar,c1f2dd81-8f1c-477c-b7cd-580dd13916d3,2025-09-26 14:47:33.626822+00,{},"{""codigo"": ""REC-250926094729"", ""estado"": ""en_progreso"", ""fuente"": ""trigger""}",2025-09-26 14:47:33.623+00,
b79371f0-0c8e-4dc8-84a5-c74907860cce,baa4a4e3-a324-4c3e-9beb-6f7072d382aa,cerrar,c1f2dd81-8f1c-477c-b7cd-580dd13916d3,2025-09-26 14:47:33.697154+00,{},"{""codigo"": ""REC-250926094729"", ""estado"": ""cerrada"", ""fuente"": ""trigger"", ""cierre_token"": null}",2025-09-26 14:47:33.699+00,
6c956ef4-9ea0-4bd6-9cd7-dcecc5e7c718,148eec60-acd5-4d72-b492-4484d51e0789,iniciar,c1f2dd81-8f1c-477c-b7cd-580dd13916d3,2025-09-26 14:54:11.870589+00,{},"{""codigo"": ""MAN-250926095411"", ""estado"": ""en_progreso"", ""fuente"": ""trigger""}",2025-09-26 14:54:11.868+00,
ba77631e-029e-4940-82ac-a32e8baa1d01,148eec60-acd5-4d72-b492-4484d51e0789,cerrar,c1f2dd81-8f1c-477c-b7cd-580dd13916d3,2025-09-26 14:54:11.939236+00,{},"{""codigo"": ""MAN-250926095411"", ""estado"": ""cerrada"", ""fuente"": ""trigger"", ""cierre_token"": null}",2025-09-26 14:54:11.952+00,
34cb7994-a7fe-47e5-9a0b-b6c515840eb7,8b9891df-82ca-4640-8b1f-db9d9e0d2c84,iniciar,c1f2dd81-8f1c-477c-b7cd-580dd13916d3,2025-09-26 14:54:13.820193+00,{},"{""codigo"": ""COR-250926095411"", ""estado"": ""en_progreso"", ""fuente"": ""trigger""}",2025-09-26 14:54:13.818+00,
4c03fa52-25f9-4029-a341-293ae5116d0c,8b9891df-82ca-4640-8b1f-db9d9e0d2c84,cerrar,c1f2dd81-8f1c-477c-b7cd-580dd13916d3,2025-09-26 14:54:13.883502+00,{},"{""codigo"": ""COR-250926095411"", ""estado"": ""cerrada"", ""fuente"": ""trigger"", ""cierre_token"": null}",2025-09-26 14:54:13.886+00,
61cf0801-fc58-4689-a498-32c36ba07326,1935966e-08aa-42a1-939a-d606c0832b60,iniciar,c1f2dd81-8f1c-477c-b7cd-580dd13916d3,2025-09-26 14:54:14.778329+00,{},"{""codigo"": ""REC-250926095411"", ""estado"": ""en_progreso"", ""fuente"": ""trigger""}",2025-09-26 14:54:14.776+00,
0b63a536-8566-4462-be34-cd066f4b316c,1935966e-08aa-42a1-939a-d606c0832b60,cerrar,c1f2dd81-8f1c-477c-b7cd-580dd13916d3,2025-09-26 14:54:14.840899+00,{},"{""codigo"": ""REC-250926095411"", ""estado"": ""cerrada"", ""fuente"": ""trigger"", ""cierre_token"": null}",2025-09-26 14:54:14.842+00,
13ce6a32-972f-4804-8fdd-4825843522cd,eb9f2d5d-ad79-4755-b702-42b5219fb04b,iniciar,c1f2dd81-8f1c-477c-b7cd-580dd13916d3,2025-09-26 14:55:49.401841+00,{},"{""codigo"": ""COR-250926095549"", ""estado"": ""en_progreso"", ""fuente"": ""trigger""}",2025-09-26 14:55:49.399+00,
16e58463-e3fb-4b9a-a563-980db54a258a,eb9f2d5d-ad79-4755-b702-42b5219fb04b,cerrar,c1f2dd81-8f1c-477c-b7cd-580dd13916d3,2025-09-26 14:55:49.423119+00,{},"{""codigo"": ""COR-250926095549"", ""estado"": ""cerrada"", ""fuente"": ""trigger"", ""cierre_token"": null}",2025-09-26 14:55:49.424+00,
59c4a05c-8de3-4841-b1b2-cfecd56dfbb9,d95fc506-324d-4bb6-8201-ddab851c7e77,iniciar,c1f2dd81-8f1c-477c-b7cd-580dd13916d3,2025-09-26 14:55:49.740778+00,{},"{""codigo"": ""MAN-250926095549"", ""estado"": ""en_progreso"", ""fuente"": ""trigger""}",2025-09-26 14:55:49.738+00,
9ea4887e-1078-4529-8f40-f464a85c24e9,d95fc506-324d-4bb6-8201-ddab851c7e77,cerrar,c1f2dd81-8f1c-477c-b7cd-580dd13916d3,2025-09-26 14:55:49.804496+00,{},"{""codigo"": ""MAN-250926095549"", ""estado"": ""cerrada"", ""fuente"": ""trigger"", ""cierre_token"": null}",2025-09-26 14:55:49.818+00,
